<annotation>
	<folder>train</folder>
	<filename>15505057397528.jpg</filename>
	<path>C:\tensorflow1\models\research\object_detection\images\train\15505057397528.jpg</path>
	<source>
		<database>Unknown</database>
	</source>
	<size>
		<width>165</width>
		<height>93</height>
		<depth>3</depth>
	</size>
	<segmented>0</segmented>
	<object>
		<name>auto</name>
		<pose>Unspecified</pose>
		<truncated>0</truncated>
		<difficult>0</difficult>
		<bndbox>
			<xmin>14</xmin>
			<ymin>19</ymin>
			<xmax>155</xmax>
			<ymax>81</ymax>
		</bndbox>
	</object>
</annotation>
