<annotation>
	<folder>train</folder>
	<filename>1559655502249.jpg</filename>
	<path>C:\tensorflow1\models\research\object_detection\images\train\1559655502249.jpg</path>
	<source>
		<database>Unknown</database>
	</source>
	<size>
		<width>320</width>
		<height>180</height>
		<depth>3</depth>
	</size>
	<segmented>0</segmented>
	<object>
		<name>auto</name>
		<pose>Unspecified</pose>
		<truncated>0</truncated>
		<difficult>0</difficult>
		<bndbox>
			<xmin>88</xmin>
			<ymin>63</ymin>
			<xmax>297</xmax>
			<ymax>157</ymax>
		</bndbox>
	</object>
	<object>
		<name>persona</name>
		<pose>Unspecified</pose>
		<truncated>0</truncated>
		<difficult>0</difficult>
		<bndbox>
			<xmin>53</xmin>
			<ymin>53</ymin>
			<xmax>88</xmax>
			<ymax>148</ymax>
		</bndbox>
	</object>
</annotation>
