<annotation>
	<folder>train</folder>
	<filename>1595266304984.jpg</filename>
	<path>C:\tensorflow1\models\research\object_detection\images\train\1595266304984.jpg</path>
	<source>
		<database>Unknown</database>
	</source>
	<size>
		<width>89</width>
		<height>50</height>
		<depth>3</depth>
	</size>
	<segmented>0</segmented>
	<object>
		<name>auto</name>
		<pose>Unspecified</pose>
		<truncated>1</truncated>
		<difficult>0</difficult>
		<bndbox>
			<xmin>1</xmin>
			<ymin>20</ymin>
			<xmax>40</xmax>
			<ymax>38</ymax>
		</bndbox>
	</object>
</annotation>
