<annotation>
	<folder>train</folder>
	<filename>20190813235636_38799504_0_body.jpg</filename>
	<path>C:\tensorflow1\models\research\object_detection\images\train\20190813235636_38799504_0_body.jpg</path>
	<source>
		<database>Unknown</database>
	</source>
	<size>
		<width>90</width>
		<height>51</height>
		<depth>3</depth>
	</size>
	<segmented>0</segmented>
	<object>
		<name>persona</name>
		<pose>Unspecified</pose>
		<truncated>1</truncated>
		<difficult>0</difficult>
		<bndbox>
			<xmin>67</xmin>
			<ymin>12</ymin>
			<xmax>89</xmax>
			<ymax>51</ymax>
		</bndbox>
	</object>
</annotation>
