<annotation>
	<folder>train</folder>
	<filename>3efegsgg.jpg</filename>
	<path>C:\tensorflow1\models\research\object_detection\images\train\3efegsgg.jpg</path>
	<source>
		<database>Unknown</database>
	</source>
	<size>
		<width>250</width>
		<height>167</height>
		<depth>3</depth>
	</size>
	<segmented>0</segmented>
	<object>
		<name>persona</name>
		<pose>Unspecified</pose>
		<truncated>1</truncated>
		<difficult>0</difficult>
		<bndbox>
			<xmin>141</xmin>
			<ymin>4</ymin>
			<xmax>246</xmax>
			<ymax>167</ymax>
		</bndbox>
	</object>
	<object>
		<name>auto</name>
		<pose>Unspecified</pose>
		<truncated>0</truncated>
		<difficult>0</difficult>
		<bndbox>
			<xmin>12</xmin>
			<ymin>68</ymin>
			<xmax>130</xmax>
			<ymax>156</ymax>
		</bndbox>
	</object>
</annotation>
