<annotation>
	<folder>train</folder>
	<filename>3esgsdgsg.jpg</filename>
	<path>C:\tensorflow1\models\research\object_detection\images\train\3esgsdgsg.jpg</path>
	<source>
		<database>Unknown</database>
	</source>
	<size>
		<width>160</width>
		<height>120</height>
		<depth>3</depth>
	</size>
	<segmented>0</segmented>
	<object>
		<name>auto</name>
		<pose>Unspecified</pose>
		<truncated>1</truncated>
		<difficult>0</difficult>
		<bndbox>
			<xmin>2</xmin>
			<ymin>13</ymin>
			<xmax>156</xmax>
			<ymax>120</ymax>
		</bndbox>
	</object>
</annotation>
