<annotation>
	<folder>train</folder>
	<filename>3fhfgjtytyf.jpg</filename>
	<path>C:\tensorflow1\models\research\object_detection\images\train\3fhfgjtytyf.jpg</path>
	<source>
		<database>Unknown</database>
	</source>
	<size>
		<width>300</width>
		<height>168</height>
		<depth>3</depth>
	</size>
	<segmented>0</segmented>
	<object>
		<name>persona</name>
		<pose>Unspecified</pose>
		<truncated>0</truncated>
		<difficult>0</difficult>
		<bndbox>
			<xmin>169</xmin>
			<ymin>28</ymin>
			<xmax>236</xmax>
			<ymax>163</ymax>
		</bndbox>
	</object>
	<object>
		<name>persona</name>
		<pose>Unspecified</pose>
		<truncated>0</truncated>
		<difficult>0</difficult>
		<bndbox>
			<xmin>15</xmin>
			<ymin>34</ymin>
			<xmax>90</xmax>
			<ymax>145</ymax>
		</bndbox>
	</object>
	<object>
		<name>persona</name>
		<pose>Unspecified</pose>
		<truncated>0</truncated>
		<difficult>0</difficult>
		<bndbox>
			<xmin>108</xmin>
			<ymin>3</ymin>
			<xmax>183</xmax>
			<ymax>143</ymax>
		</bndbox>
	</object>
	<object>
		<name>persona</name>
		<pose>Unspecified</pose>
		<truncated>1</truncated>
		<difficult>0</difficult>
		<bndbox>
			<xmin>240</xmin>
			<ymin>31</ymin>
			<xmax>295</xmax>
			<ymax>168</ymax>
		</bndbox>
	</object>
</annotation>
