<annotation>
	<folder>train</folder>
	<filename>3gegrjj.jpg</filename>
	<path>C:\tensorflow1\models\research\object_detection\images\train\3gegrjj.jpg</path>
	<source>
		<database>Unknown</database>
	</source>
	<size>
		<width>300</width>
		<height>169</height>
		<depth>3</depth>
	</size>
	<segmented>0</segmented>
	<object>
		<name>persona</name>
		<pose>Unspecified</pose>
		<truncated>1</truncated>
		<difficult>0</difficult>
		<bndbox>
			<xmin>58</xmin>
			<ymin>79</ymin>
			<xmax>107</xmax>
			<ymax>169</ymax>
		</bndbox>
	</object>
	<object>
		<name>persona</name>
		<pose>Unspecified</pose>
		<truncated>1</truncated>
		<difficult>0</difficult>
		<bndbox>
			<xmin>188</xmin>
			<ymin>69</ymin>
			<xmax>226</xmax>
			<ymax>169</ymax>
		</bndbox>
	</object>
	<object>
		<name>persona</name>
		<pose>Unspecified</pose>
		<truncated>1</truncated>
		<difficult>0</difficult>
		<bndbox>
			<xmin>210</xmin>
			<ymin>83</ymin>
			<xmax>257</xmax>
			<ymax>169</ymax>
		</bndbox>
	</object>
	<object>
		<name>persona</name>
		<pose>Unspecified</pose>
		<truncated>0</truncated>
		<difficult>0</difficult>
		<bndbox>
			<xmin>145</xmin>
			<ymin>71</ymin>
			<xmax>182</xmax>
			<ymax>158</ymax>
		</bndbox>
	</object>
	<object>
		<name>persona</name>
		<pose>Unspecified</pose>
		<truncated>1</truncated>
		<difficult>0</difficult>
		<bndbox>
			<xmin>114</xmin>
			<ymin>86</ymin>
			<xmax>151</xmax>
			<ymax>169</ymax>
		</bndbox>
	</object>
</annotation>
