<annotation>
	<folder>train</folder>
	<filename>AETV74092864_1e.jpg</filename>
	<path>C:\tensorflow1\models\research\object_detection\images\train\AETV74092864_1e.jpg</path>
	<source>
		<database>Unknown</database>
	</source>
	<size>
		<width>88</width>
		<height>66</height>
		<depth>3</depth>
	</size>
	<segmented>0</segmented>
	<object>
		<name>auto</name>
		<pose>Unspecified</pose>
		<truncated>0</truncated>
		<difficult>0</difficult>
		<bndbox>
			<xmin>6</xmin>
			<ymin>9</ymin>
			<xmax>75</xmax>
			<ymax>52</ymax>
		</bndbox>
	</object>
</annotation>
