<annotation>
	<folder>train</folder>
	<filename>asun.jpg</filename>
	<path>C:\tensorflow1\models\research\object_detection\images\train\asun.jpg</path>
	<source>
		<database>Unknown</database>
	</source>
	<size>
		<width>192</width>
		<height>256</height>
		<depth>3</depth>
	</size>
	<segmented>0</segmented>
	<object>
		<name>persona</name>
		<pose>Unspecified</pose>
		<truncated>1</truncated>
		<difficult>0</difficult>
		<bndbox>
			<xmin>44</xmin>
			<ymin>2</ymin>
			<xmax>135</xmax>
			<ymax>256</ymax>
		</bndbox>
	</object>
	<object>
		<name>auto</name>
		<pose>Unspecified</pose>
		<truncated>0</truncated>
		<difficult>0</difficult>
		<bndbox>
			<xmin>100</xmin>
			<ymin>31</ymin>
			<xmax>129</xmax>
			<ymax>46</ymax>
		</bndbox>
	</object>
</annotation>
