<annotation>
	<folder>train</folder>
	<filename>aviso-auto-ford-ka-85296-82.jpg</filename>
	<path>C:\tensorflow1\models\research\object_detection\images\train\aviso-auto-ford-ka-85296-82.jpg</path>
	<source>
		<database>Unknown</database>
	</source>
	<size>
		<width>116</width>
		<height>63</height>
		<depth>3</depth>
	</size>
	<segmented>0</segmented>
	<object>
		<name>auto</name>
		<pose>Unspecified</pose>
		<truncated>1</truncated>
		<difficult>0</difficult>
		<bndbox>
			<xmin>18</xmin>
			<ymin>1</ymin>
			<xmax>105</xmax>
			<ymax>44</ymax>
		</bndbox>
	</object>
</annotation>
