<annotation>
	<folder>train</folder>
	<filename>b22ffa870bc0125dfe41e2024d32ad0d.jpg</filename>
	<path>C:\tensorflow1\models\research\object_detection\images\train\b22ffa870bc0125dfe41e2024d32ad0d.jpg</path>
	<source>
		<database>Unknown</database>
	</source>
	<size>
		<width>120</width>
		<height>90</height>
		<depth>3</depth>
	</size>
	<segmented>0</segmented>
	<object>
		<name>persona</name>
		<pose>Unspecified</pose>
		<truncated>0</truncated>
		<difficult>0</difficult>
		<bndbox>
			<xmin>88</xmin>
			<ymin>26</ymin>
			<xmax>108</xmax>
			<ymax>77</ymax>
		</bndbox>
	</object>
	<object>
		<name>auto</name>
		<pose>Unspecified</pose>
		<truncated>0</truncated>
		<difficult>0</difficult>
		<bndbox>
			<xmin>14</xmin>
			<ymin>30</ymin>
			<xmax>119</xmax>
			<ymax>73</ymax>
		</bndbox>
	</object>
</annotation>
