<annotation>
	<folder>train</folder>
	<filename>b31247b3edccdcf63d4716806dee37dd.jpg</filename>
	<path>C:\tensorflow1\models\research\object_detection\images\train\b31247b3edccdcf63d4716806dee37dd.jpg</path>
	<source>
		<database>Unknown</database>
	</source>
	<size>
		<width>150</width>
		<height>100</height>
		<depth>3</depth>
	</size>
	<segmented>0</segmented>
	<object>
		<name>auto</name>
		<pose>Unspecified</pose>
		<truncated>0</truncated>
		<difficult>0</difficult>
		<bndbox>
			<xmin>11</xmin>
			<ymin>20</ymin>
			<xmax>143</xmax>
			<ymax>83</ymax>
		</bndbox>
	</object>
</annotation>
