<annotation>
	<folder>train</folder>
	<filename>baxih33_29.jpg</filename>
	<path>C:\tensorflow1\models\research\object_detection\images\train\baxih33_29.jpg</path>
	<source>
		<database>Unknown</database>
	</source>
	<size>
		<width>200</width>
		<height>111</height>
		<depth>3</depth>
	</size>
	<segmented>0</segmented>
	<object>
		<name>persona</name>
		<pose>Unspecified</pose>
		<truncated>1</truncated>
		<difficult>0</difficult>
		<bndbox>
			<xmin>10</xmin>
			<ymin>1</ymin>
			<xmax>49</xmax>
			<ymax>111</ymax>
		</bndbox>
	</object>
</annotation>
