<annotation>
	<folder>train</folder>
	<filename>bdaef546c22ece4dbab36e2a649b0b00.jpg</filename>
	<path>C:\tensorflow1\models\research\object_detection\images\train\bdaef546c22ece4dbab36e2a649b0b00.jpg</path>
	<source>
		<database>Unknown</database>
	</source>
	<size>
		<width>94</width>
		<height>141</height>
		<depth>3</depth>
	</size>
	<segmented>0</segmented>
	<object>
		<name>persona</name>
		<pose>Unspecified</pose>
		<truncated>1</truncated>
		<difficult>0</difficult>
		<bndbox>
			<xmin>25</xmin>
			<ymin>3</ymin>
			<xmax>70</xmax>
			<ymax>141</ymax>
		</bndbox>
	</object>
</annotation>
