<annotation>
	<folder>train</folder>
	<filename>berni-puente-ok.jpg</filename>
	<path>C:\tensorflow1\models\research\object_detection\images\train\berni-puente-ok.jpg</path>
	<source>
		<database>Unknown</database>
	</source>
	<size>
		<width>205</width>
		<height>138</height>
		<depth>3</depth>
	</size>
	<segmented>0</segmented>
	<object>
		<name>persona</name>
		<pose>Unspecified</pose>
		<truncated>0</truncated>
		<difficult>0</difficult>
		<bndbox>
			<xmin>60</xmin>
			<ymin>29</ymin>
			<xmax>106</xmax>
			<ymax>133</ymax>
		</bndbox>
	</object>
	<object>
		<name>persona</name>
		<pose>Unspecified</pose>
		<truncated>1</truncated>
		<difficult>0</difficult>
		<bndbox>
			<xmin>107</xmin>
			<ymin>28</ymin>
			<xmax>145</xmax>
			<ymax>138</ymax>
		</bndbox>
	</object>
	<object>
		<name>auto</name>
		<pose>Unspecified</pose>
		<truncated>1</truncated>
		<difficult>0</difficult>
		<bndbox>
			<xmin>1</xmin>
			<ymin>17</ymin>
			<xmax>38</xmax>
			<ymax>104</ymax>
		</bndbox>
	</object>
</annotation>
