<annotation>
	<folder>train</folder>
	<filename>bmw-m5-e60-2005-c609416022020222742_7.jpg</filename>
	<path>C:\tensorflow1\models\research\object_detection\images\train\bmw-m5-e60-2005-c609416022020222742_7.jpg</path>
	<source>
		<database>Unknown</database>
	</source>
	<size>
		<width>635</width>
		<height>423</height>
		<depth>3</depth>
	</size>
	<segmented>0</segmented>
	<object>
		<name>auto</name>
		<pose>Unspecified</pose>
		<truncated>0</truncated>
		<difficult>0</difficult>
		<bndbox>
			<xmin>175</xmin>
			<ymin>158</ymin>
			<xmax>377</xmax>
			<ymax>308</ymax>
		</bndbox>
	</object>
	<object>
		<name>persona</name>
		<pose>Unspecified</pose>
		<truncated>0</truncated>
		<difficult>0</difficult>
		<bndbox>
			<xmin>470</xmin>
			<ymin>109</ymin>
			<xmax>543</xmax>
			<ymax>283</ymax>
		</bndbox>
	</object>
	<object>
		<name>persona</name>
		<pose>Unspecified</pose>
		<truncated>0</truncated>
		<difficult>0</difficult>
		<bndbox>
			<xmin>551</xmin>
			<ymin>101</ymin>
			<xmax>612</xmax>
			<ymax>298</ymax>
		</bndbox>
	</object>
	<object>
		<name>persona</name>
		<pose>Unspecified</pose>
		<truncated>1</truncated>
		<difficult>0</difficult>
		<bndbox>
			<xmin>591</xmin>
			<ymin>109</ymin>
			<xmax>635</xmax>
			<ymax>334</ymax>
		</bndbox>
	</object>
	<object>
		<name>auto</name>
		<pose>Unspecified</pose>
		<truncated>0</truncated>
		<difficult>0</difficult>
		<bndbox>
			<xmin>392</xmin>
			<ymin>150</ymin>
			<xmax>457</xmax>
			<ymax>194</ymax>
		</bndbox>
	</object>
	<object>
		<name>auto</name>
		<pose>Unspecified</pose>
		<truncated>1</truncated>
		<difficult>0</difficult>
		<bndbox>
			<xmin>1</xmin>
			<ymin>147</ymin>
			<xmax>110</xmax>
			<ymax>226</ymax>
		</bndbox>
	</object>
	<object>
		<name>auto</name>
		<pose>Unspecified</pose>
		<truncated>0</truncated>
		<difficult>0</difficult>
		<bndbox>
			<xmin>142</xmin>
			<ymin>140</ymin>
			<xmax>253</xmax>
			<ymax>236</ymax>
		</bndbox>
	</object>
	<object>
		<name>auto</name>
		<pose>Unspecified</pose>
		<truncated>0</truncated>
		<difficult>0</difficult>
		<bndbox>
			<xmin>33</xmin>
			<ymin>133</ymin>
			<xmax>151</xmax>
			<ymax>196</ymax>
		</bndbox>
	</object>
</annotation>
