<annotation>
	<folder>train</folder>
	<filename>bradbuilds-ford-focus-widebody.jpg</filename>
	<path>C:\tensorflow1\models\research\object_detection\images\train\bradbuilds-ford-focus-widebody.jpg</path>
	<source>
		<database>Unknown</database>
	</source>
	<size>
		<width>428</width>
		<height>225</height>
		<depth>3</depth>
	</size>
	<segmented>0</segmented>
	<object>
		<name>auto</name>
		<pose>Unspecified</pose>
		<truncated>1</truncated>
		<difficult>0</difficult>
		<bndbox>
			<xmin>31</xmin>
			<ymin>1</ymin>
			<xmax>188</xmax>
			<ymax>220</ymax>
		</bndbox>
	</object>
	<object>
		<name>auto</name>
		<pose>Unspecified</pose>
		<truncated>1</truncated>
		<difficult>0</difficult>
		<bndbox>
			<xmin>217</xmin>
			<ymin>12</ymin>
			<xmax>428</xmax>
			<ymax>107</ymax>
		</bndbox>
	</object>
	<object>
		<name>auto</name>
		<pose>Unspecified</pose>
		<truncated>0</truncated>
		<difficult>0</difficult>
		<bndbox>
			<xmin>217</xmin>
			<ymin>117</ymin>
			<xmax>417</xmax>
			<ymax>223</ymax>
		</bndbox>
	</object>
</annotation>
