<annotation>
	<folder>train</folder>
	<filename>c2f2ebd6affbfaa29cc1a5bd1f5a27c1.jpg</filename>
	<path>C:\tensorflow1\models\research\object_detection\images\train\c2f2ebd6affbfaa29cc1a5bd1f5a27c1.jpg</path>
	<source>
		<database>Unknown</database>
	</source>
	<size>
		<width>155</width>
		<height>232</height>
		<depth>3</depth>
	</size>
	<segmented>0</segmented>
	<object>
		<name>persona</name>
		<pose>Unspecified</pose>
		<truncated>0</truncated>
		<difficult>0</difficult>
		<bndbox>
			<xmin>40</xmin>
			<ymin>4</ymin>
			<xmax>121</xmax>
			<ymax>229</ymax>
		</bndbox>
	</object>
</annotation>
