<annotation>
	<folder>train</folder>
	<filename>car_photo_580615.jpg</filename>
	<path>C:\tensorflow1\models\research\object_detection\images\train\car_photo_580615.jpg</path>
	<source>
		<database>Unknown</database>
	</source>
	<size>
		<width>80</width>
		<height>47</height>
		<depth>3</depth>
	</size>
	<segmented>0</segmented>
	<object>
		<name>auto</name>
		<pose>Unspecified</pose>
		<truncated>0</truncated>
		<difficult>0</difficult>
		<bndbox>
			<xmin>45</xmin>
			<ymin>20</ymin>
			<xmax>78</xmax>
			<ymax>46</ymax>
		</bndbox>
	</object>
	<object>
		<name>auto</name>
		<pose>Unspecified</pose>
		<truncated>0</truncated>
		<difficult>0</difficult>
		<bndbox>
			<xmin>2</xmin>
			<ymin>15</ymin>
			<xmax>26</xmax>
			<ymax>32</ymax>
		</bndbox>
	</object>
</annotation>
