<annotation>
	<folder>train</folder>
	<filename>Chevrolet-Onix-2020-9.jpg</filename>
	<path>C:\tensorflow1\models\research\object_detection\images\train\Chevrolet-Onix-2020-9.jpg</path>
	<source>
		<database>Unknown</database>
	</source>
	<size>
		<width>400</width>
		<height>251</height>
		<depth>3</depth>
	</size>
	<segmented>0</segmented>
	<object>
		<name>auto</name>
		<pose>Unspecified</pose>
		<truncated>0</truncated>
		<difficult>0</difficult>
		<bndbox>
			<xmin>70</xmin>
			<ymin>25</ymin>
			<xmax>367</xmax>
			<ymax>227</ymax>
		</bndbox>
	</object>
</annotation>
