<annotation>
	<folder>train</folder>
	<filename>Chevrolet-Onix-780x470.jpg</filename>
	<path>C:\tensorflow1\models\research\object_detection\images\train\Chevrolet-Onix-780x470.jpg</path>
	<source>
		<database>Unknown</database>
	</source>
	<size>
		<width>195</width>
		<height>118</height>
		<depth>3</depth>
	</size>
	<segmented>0</segmented>
	<object>
		<name>auto</name>
		<pose>Unspecified</pose>
		<truncated>0</truncated>
		<difficult>0</difficult>
		<bndbox>
			<xmin>52</xmin>
			<ymin>28</ymin>
			<xmax>189</xmax>
			<ymax>109</ymax>
		</bndbox>
	</object>
</annotation>
