<annotation>
	<folder>train</folder>
	<filename>chevrolet-onix-2020-en-cordoba.jpg</filename>
	<path>C:\tensorflow1\models\research\object_detection\images\train\chevrolet-onix-2020-en-cordoba.jpg</path>
	<source>
		<database>Unknown</database>
	</source>
	<size>
		<width>238</width>
		<height>158</height>
		<depth>3</depth>
	</size>
	<segmented>0</segmented>
	<object>
		<name>auto</name>
		<pose>Unspecified</pose>
		<truncated>1</truncated>
		<difficult>0</difficult>
		<bndbox>
			<xmin>1</xmin>
			<ymin>36</ymin>
			<xmax>87</xmax>
			<ymax>105</ymax>
		</bndbox>
	</object>
	<object>
		<name>auto</name>
		<pose>Unspecified</pose>
		<truncated>0</truncated>
		<difficult>0</difficult>
		<bndbox>
			<xmin>86</xmin>
			<ymin>36</ymin>
			<xmax>237</xmax>
			<ymax>124</ymax>
		</bndbox>
	</object>
	<object>
		<name>persona</name>
		<pose>Unspecified</pose>
		<truncated>0</truncated>
		<difficult>0</difficult>
		<bndbox>
			<xmin>93</xmin>
			<ymin>29</ymin>
			<xmax>118</xmax>
			<ymax>73</ymax>
		</bndbox>
	</object>
	<object>
		<name>persona</name>
		<pose>Unspecified</pose>
		<truncated>0</truncated>
		<difficult>0</difficult>
		<bndbox>
			<xmin>189</xmin>
			<ymin>25</ymin>
			<xmax>230</xmax>
			<ymax>144</ymax>
		</bndbox>
	</object>
</annotation>
