<annotation>
	<folder>train</folder>
	<filename>chic-jungle-elopement-FH-001.jpg</filename>
	<path>C:\tensorflow1\models\research\object_detection\images\train\chic-jungle-elopement-FH-001.jpg</path>
	<source>
		<database>Unknown</database>
	</source>
	<size>
		<width>450</width>
		<height>300</height>
		<depth>3</depth>
	</size>
	<segmented>0</segmented>
	<object>
		<name>persona</name>
		<pose>Unspecified</pose>
		<truncated>0</truncated>
		<difficult>0</difficult>
		<bndbox>
			<xmin>160</xmin>
			<ymin>83</ymin>
			<xmax>240</xmax>
			<ymax>256</ymax>
		</bndbox>
	</object>
	<object>
		<name>persona</name>
		<pose>Unspecified</pose>
		<truncated>1</truncated>
		<difficult>0</difficult>
		<bndbox>
			<xmin>217</xmin>
			<ymin>42</ymin>
			<xmax>327</xmax>
			<ymax>300</ymax>
		</bndbox>
	</object>
</annotation>
