<annotation>
	<folder>train</folder>
	<filename>Comparativa-Focus-Fiesta_Rastreator-com.jpg</filename>
	<path>C:\tensorflow1\models\research\object_detection\images\train\Comparativa-Focus-Fiesta_Rastreator-com.jpg</path>
	<source>
		<database>Unknown</database>
	</source>
	<size>
		<width>480</width>
		<height>100</height>
		<depth>3</depth>
	</size>
	<segmented>0</segmented>
	<object>
		<name>auto</name>
		<pose>Unspecified</pose>
		<truncated>1</truncated>
		<difficult>0</difficult>
		<bndbox>
			<xmin>15</xmin>
			<ymin>17</ymin>
			<xmax>229</xmax>
			<ymax>100</ymax>
		</bndbox>
	</object>
	<object>
		<name>auto</name>
		<pose>Unspecified</pose>
		<truncated>0</truncated>
		<difficult>0</difficult>
		<bndbox>
			<xmin>255</xmin>
			<ymin>11</ymin>
			<xmax>471</xmax>
			<ymax>95</ymax>
		</bndbox>
	</object>
</annotation>
