<annotation>
	<folder>train</folder>
	<filename>consumo-focus-sedan-se-2-0-at-1.jpg</filename>
	<path>C:\tensorflow1\models\research\object_detection\images\train\consumo-focus-sedan-se-2-0-at-1.jpg</path>
	<source>
		<database>Unknown</database>
	</source>
	<size>
		<width>162</width>
		<height>85</height>
		<depth>3</depth>
	</size>
	<segmented>0</segmented>
	<object>
		<name>auto</name>
		<pose>Unspecified</pose>
		<truncated>1</truncated>
		<difficult>0</difficult>
		<bndbox>
			<xmin>4</xmin>
			<ymin>1</ymin>
			<xmax>158</xmax>
			<ymax>82</ymax>
		</bndbox>
	</object>
</annotation>
