<annotation>
	<folder>train</folder>
	<filename>control-policial.jpg</filename>
	<path>C:\tensorflow1\models\research\object_detection\images\train\control-policial.jpg</path>
	<source>
		<database>Unknown</database>
	</source>
	<size>
		<width>152</width>
		<height>98</height>
		<depth>3</depth>
	</size>
	<segmented>0</segmented>
	<object>
		<name>auto</name>
		<pose>Unspecified</pose>
		<truncated>0</truncated>
		<difficult>0</difficult>
		<bndbox>
			<xmin>4</xmin>
			<ymin>38</ymin>
			<xmax>58</xmax>
			<ymax>91</ymax>
		</bndbox>
	</object>
	<object>
		<name>auto</name>
		<pose>Unspecified</pose>
		<truncated>0</truncated>
		<difficult>0</difficult>
		<bndbox>
			<xmin>88</xmin>
			<ymin>40</ymin>
			<xmax>142</xmax>
			<ymax>90</ymax>
		</bndbox>
	</object>
	<object>
		<name>persona</name>
		<pose>Unspecified</pose>
		<truncated>1</truncated>
		<difficult>0</difficult>
		<bndbox>
			<xmin>61</xmin>
			<ymin>40</ymin>
			<xmax>85</xmax>
			<ymax>98</ymax>
		</bndbox>
	</object>
</annotation>
