<annotation>
	<folder>train</folder>
	<filename>couple-street-crossing-lifestyle.jpg</filename>
	<path>C:\tensorflow1\models\research\object_detection\images\train\couple-street-crossing-lifestyle.jpg</path>
	<source>
		<database>Unknown</database>
	</source>
	<size>
		<width>228</width>
		<height>341</height>
		<depth>3</depth>
	</size>
	<segmented>0</segmented>
	<object>
		<name>persona</name>
		<pose>Unspecified</pose>
		<truncated>0</truncated>
		<difficult>0</difficult>
		<bndbox>
			<xmin>44</xmin>
			<ymin>92</ymin>
			<xmax>133</xmax>
			<ymax>313</ymax>
		</bndbox>
	</object>
	<object>
		<name>persona</name>
		<pose>Unspecified</pose>
		<truncated>0</truncated>
		<difficult>0</difficult>
		<bndbox>
			<xmin>118</xmin>
			<ymin>97</ymin>
			<xmax>194</xmax>
			<ymax>319</ymax>
		</bndbox>
	</object>
</annotation>
