<annotation>
	<folder>train</folder>
	<filename>crash-on-st-mary-s-road-at-vivian-avenue.jpg</filename>
	<path>C:\tensorflow1\models\research\object_detection\images\train\crash-on-st-mary-s-road-at-vivian-avenue.jpg</path>
	<source>
		<database>Unknown</database>
	</source>
	<size>
		<width>295</width>
		<height>166</height>
		<depth>3</depth>
	</size>
	<segmented>0</segmented>
	<object>
		<name>persona</name>
		<pose>Unspecified</pose>
		<truncated>1</truncated>
		<difficult>0</difficult>
		<bndbox>
			<xmin>1</xmin>
			<ymin>28</ymin>
			<xmax>52</xmax>
			<ymax>160</ymax>
		</bndbox>
	</object>
	<object>
		<name>persona</name>
		<pose>Unspecified</pose>
		<truncated>0</truncated>
		<difficult>0</difficult>
		<bndbox>
			<xmin>83</xmin>
			<ymin>37</ymin>
			<xmax>126</xmax>
			<ymax>143</ymax>
		</bndbox>
	</object>
	<object>
		<name>auto</name>
		<pose>Unspecified</pose>
		<truncated>1</truncated>
		<difficult>0</difficult>
		<bndbox>
			<xmin>125</xmin>
			<ymin>28</ymin>
			<xmax>295</xmax>
			<ymax>150</ymax>
		</bndbox>
	</object>
</annotation>
