<annotation>
	<folder>train</folder>
	<filename>csm_DSC_0044_klein_ausschnitt_9f50cda716.jpg</filename>
	<path>C:\tensorflow1\models\research\object_detection\images\train\csm_DSC_0044_klein_ausschnitt_9f50cda716.jpg</path>
	<source>
		<database>Unknown</database>
	</source>
	<size>
		<width>200</width>
		<height>158</height>
		<depth>3</depth>
	</size>
	<segmented>0</segmented>
	<object>
		<name>persona</name>
		<pose>Unspecified</pose>
		<truncated>0</truncated>
		<difficult>0</difficult>
		<bndbox>
			<xmin>5</xmin>
			<ymin>39</ymin>
			<xmax>39</xmax>
			<ymax>151</ymax>
		</bndbox>
	</object>
	<object>
		<name>persona</name>
		<pose>Unspecified</pose>
		<truncated>0</truncated>
		<difficult>0</difficult>
		<bndbox>
			<xmin>35</xmin>
			<ymin>35</ymin>
			<xmax>71</xmax>
			<ymax>84</ymax>
		</bndbox>
	</object>
	<object>
		<name>persona</name>
		<pose>Unspecified</pose>
		<truncated>0</truncated>
		<difficult>0</difficult>
		<bndbox>
			<xmin>78</xmin>
			<ymin>30</ymin>
			<xmax>115</xmax>
			<ymax>148</ymax>
		</bndbox>
	</object>
	<object>
		<name>persona</name>
		<pose>Unspecified</pose>
		<truncated>1</truncated>
		<difficult>0</difficult>
		<bndbox>
			<xmin>102</xmin>
			<ymin>26</ymin>
			<xmax>146</xmax>
			<ymax>158</ymax>
		</bndbox>
	</object>
	<object>
		<name>persona</name>
		<pose>Unspecified</pose>
		<truncated>1</truncated>
		<difficult>0</difficult>
		<bndbox>
			<xmin>151</xmin>
			<ymin>36</ymin>
			<xmax>198</xmax>
			<ymax>158</ymax>
		</bndbox>
	</object>
</annotation>
