<annotation>
	<folder>train</folder>
	<filename>D_NQ_NP_861693-MLA43387053368_092020-W.jpg</filename>
	<path>C:\tensorflow1\models\research\object_detection\images\train\D_NQ_NP_861693-MLA43387053368_092020-W.jpg</path>
	<source>
		<database>Unknown</database>
	</source>
	<size>
		<width>142</width>
		<height>80</height>
		<depth>3</depth>
	</size>
	<segmented>0</segmented>
	<object>
		<name>auto</name>
		<pose>Unspecified</pose>
		<truncated>0</truncated>
		<difficult>0</difficult>
		<bndbox>
			<xmin>12</xmin>
			<ymin>14</ymin>
			<xmax>117</xmax>
			<ymax>78</ymax>
		</bndbox>
	</object>
	<object>
		<name>auto</name>
		<pose>Unspecified</pose>
		<truncated>1</truncated>
		<difficult>0</difficult>
		<bndbox>
			<xmin>1</xmin>
			<ymin>17</ymin>
			<xmax>12</xmax>
			<ymax>33</ymax>
		</bndbox>
	</object>
</annotation>
