<annotation>
	<folder>train</folder>
	<filename>D_NQ_NP_886262-MLA42367463043_062020-W.jpg</filename>
	<path>C:\tensorflow1\models\research\object_detection\images\train\D_NQ_NP_886262-MLA42367463043_062020-W.jpg</path>
	<source>
		<database>Unknown</database>
	</source>
	<size>
		<width>142</width>
		<height>57</height>
		<depth>3</depth>
	</size>
	<segmented>0</segmented>
	<object>
		<name>auto</name>
		<pose>Unspecified</pose>
		<truncated>0</truncated>
		<difficult>0</difficult>
		<bndbox>
			<xmin>47</xmin>
			<ymin>10</ymin>
			<xmax>131</xmax>
			<ymax>53</ymax>
		</bndbox>
	</object>
</annotation>
