<annotation>
	<folder>train</folder>
	<filename>D_NQ_NP_635925-MLA40840653917_022020-W.jpg</filename>
	<path>C:\tensorflow1\models\research\object_detection\images\train\D_NQ_NP_635925-MLA40840653917_022020-W.jpg</path>
	<source>
		<database>Unknown</database>
	</source>
	<size>
		<width>142</width>
		<height>106</height>
		<depth>3</depth>
	</size>
	<segmented>0</segmented>
	<object>
		<name>auto</name>
		<pose>Unspecified</pose>
		<truncated>0</truncated>
		<difficult>0</difficult>
		<bndbox>
			<xmin>21</xmin>
			<ymin>39</ymin>
			<xmax>95</xmax>
			<ymax>101</ymax>
		</bndbox>
	</object>
	<object>
		<name>auto</name>
		<pose>Unspecified</pose>
		<truncated>1</truncated>
		<difficult>0</difficult>
		<bndbox>
			<xmin>71</xmin>
			<ymin>40</ymin>
			<xmax>142</xmax>
			<ymax>81</ymax>
		</bndbox>
	</object>
</annotation>
