<annotation>
	<folder>train</folder>
	<filename>Daiwa-Outdoor-Summer-Men-s-Fishing-.jpg</filename>
	<path>C:\tensorflow1\models\research\object_detection\images\train\Daiwa-Outdoor-Summer-Men-s-Fishing-.jpg</path>
	<source>
		<database>Unknown</database>
	</source>
	<size>
		<width>200</width>
		<height>200</height>
		<depth>3</depth>
	</size>
	<segmented>0</segmented>
	<object>
		<name>persona</name>
		<pose>Unspecified</pose>
		<truncated>1</truncated>
		<difficult>0</difficult>
		<bndbox>
			<xmin>52</xmin>
			<ymin>1</ymin>
			<xmax>151</xmax>
			<ymax>198</ymax>
		</bndbox>
	</object>
</annotation>
