<annotation>
	<folder>train</folder>
	<filename>Day-3-Gruppe-auf-dem-Kall-Trail.jpg</filename>
	<path>C:\tensorflow1\models\research\object_detection\images\train\Day-3-Gruppe-auf-dem-Kall-Trail.jpg</path>
	<source>
		<database>Unknown</database>
	</source>
	<size>
		<width>320</width>
		<height>240</height>
		<depth>3</depth>
	</size>
	<segmented>0</segmented>
	<object>
		<name>persona</name>
		<pose>Unspecified</pose>
		<truncated>0</truncated>
		<difficult>0</difficult>
		<bndbox>
			<xmin>162</xmin>
			<ymin>68</ymin>
			<xmax>215</xmax>
			<ymax>232</ymax>
		</bndbox>
	</object>
	<object>
		<name>persona</name>
		<pose>Unspecified</pose>
		<truncated>0</truncated>
		<difficult>0</difficult>
		<bndbox>
			<xmin>198</xmin>
			<ymin>86</ymin>
			<xmax>240</xmax>
			<ymax>211</ymax>
		</bndbox>
	</object>
	<object>
		<name>persona</name>
		<pose>Unspecified</pose>
		<truncated>0</truncated>
		<difficult>0</difficult>
		<bndbox>
			<xmin>236</xmin>
			<ymin>82</ymin>
			<xmax>274</xmax>
			<ymax>206</ymax>
		</bndbox>
	</object>
	<object>
		<name>persona</name>
		<pose>Unspecified</pose>
		<truncated>0</truncated>
		<difficult>0</difficult>
		<bndbox>
			<xmin>263</xmin>
			<ymin>37</ymin>
			<xmax>318</xmax>
			<ymax>224</ymax>
		</bndbox>
	</object>
</annotation>
