<annotation>
	<folder>train</folder>
	<filename>descarga_79_0.jpg</filename>
	<path>C:\tensorflow1\models\research\object_detection\images\train\descarga_79_0.jpg</path>
	<source>
		<database>Unknown</database>
	</source>
	<size>
		<width>250</width>
		<height>95</height>
		<depth>3</depth>
	</size>
	<segmented>0</segmented>
	<object>
		<name>auto</name>
		<pose>Unspecified</pose>
		<truncated>1</truncated>
		<difficult>0</difficult>
		<bndbox>
			<xmin>20</xmin>
			<ymin>23</ymin>
			<xmax>119</xmax>
			<ymax>95</ymax>
		</bndbox>
	</object>
	<object>
		<name>persona</name>
		<pose>Unspecified</pose>
		<truncated>1</truncated>
		<difficult>0</difficult>
		<bndbox>
			<xmin>137</xmin>
			<ymin>1</ymin>
			<xmax>216</xmax>
			<ymax>95</ymax>
		</bndbox>
	</object>
	<object>
		<name>auto</name>
		<pose>Unspecified</pose>
		<truncated>1</truncated>
		<difficult>0</difficult>
		<bndbox>
			<xmin>142</xmin>
			<ymin>9</ymin>
			<xmax>250</xmax>
			<ymax>91</ymax>
		</bndbox>
	</object>
</annotation>
