<annotation>
	<folder>train</folder>
	<filename>DfDl0K5VMAAQlT_.jpg</filename>
	<path>C:\tensorflow1\models\research\object_detection\images\train\DfDl0K5VMAAQlT_.jpg</path>
	<source>
		<database>Unknown</database>
	</source>
	<size>
		<width>300</width>
		<height>225</height>
		<depth>3</depth>
	</size>
	<segmented>0</segmented>
	<object>
		<name>persona</name>
		<pose>Unspecified</pose>
		<truncated>1</truncated>
		<difficult>0</difficult>
		<bndbox>
			<xmin>21</xmin>
			<ymin>102</ymin>
			<xmax>141</xmax>
			<ymax>225</ymax>
		</bndbox>
	</object>
	<object>
		<name>persona</name>
		<pose>Unspecified</pose>
		<truncated>0</truncated>
		<difficult>0</difficult>
		<bndbox>
			<xmin>107</xmin>
			<ymin>38</ymin>
			<xmax>166</xmax>
			<ymax>220</ymax>
		</bndbox>
	</object>
	<object>
		<name>persona</name>
		<pose>Unspecified</pose>
		<truncated>0</truncated>
		<difficult>0</difficult>
		<bndbox>
			<xmin>150</xmin>
			<ymin>128</ymin>
			<xmax>210</xmax>
			<ymax>219</ymax>
		</bndbox>
	</object>
	<object>
		<name>persona</name>
		<pose>Unspecified</pose>
		<truncated>0</truncated>
		<difficult>0</difficult>
		<bndbox>
			<xmin>199</xmin>
			<ymin>42</ymin>
			<xmax>252</xmax>
			<ymax>209</ymax>
		</bndbox>
	</object>
	<object>
		<name>persona</name>
		<pose>Unspecified</pose>
		<truncated>1</truncated>
		<difficult>0</difficult>
		<bndbox>
			<xmin>261</xmin>
			<ymin>45</ymin>
			<xmax>300</xmax>
			<ymax>189</ymax>
		</bndbox>
	</object>
</annotation>
