<annotation>
	<folder>train</folder>
	<filename>dsc4169.jpg</filename>
	<path>C:\tensorflow1\models\research\object_detection\images\train\dsc4169.jpg</path>
	<source>
		<database>Unknown</database>
	</source>
	<size>
		<width>270</width>
		<height>404</height>
		<depth>3</depth>
	</size>
	<segmented>0</segmented>
	<object>
		<name>persona</name>
		<pose>Unspecified</pose>
		<truncated>0</truncated>
		<difficult>0</difficult>
		<bndbox>
			<xmin>63</xmin>
			<ymin>109</ymin>
			<xmax>160</xmax>
			<ymax>332</ymax>
		</bndbox>
	</object>
</annotation>
