<annotation>
	<folder>train</folder>
	<filename>DSCN0846-1030x773.jpg</filename>
	<path>C:\tensorflow1\models\research\object_detection\images\train\DSCN0846-1030x773.jpg</path>
	<source>
		<database>Unknown</database>
	</source>
	<size>
		<width>258</width>
		<height>193</height>
		<depth>3</depth>
	</size>
	<segmented>0</segmented>
	<object>
		<name>persona</name>
		<pose>Unspecified</pose>
		<truncated>0</truncated>
		<difficult>0</difficult>
		<bndbox>
			<xmin>39</xmin>
			<ymin>45</ymin>
			<xmax>88</xmax>
			<ymax>161</ymax>
		</bndbox>
	</object>
	<object>
		<name>persona</name>
		<pose>Unspecified</pose>
		<truncated>0</truncated>
		<difficult>0</difficult>
		<bndbox>
			<xmin>122</xmin>
			<ymin>80</ymin>
			<xmax>151</xmax>
			<ymax>123</ymax>
		</bndbox>
	</object>
	<object>
		<name>persona</name>
		<pose>Unspecified</pose>
		<truncated>0</truncated>
		<difficult>0</difficult>
		<bndbox>
			<xmin>92</xmin>
			<ymin>66</ymin>
			<xmax>111</xmax>
			<ymax>87</ymax>
		</bndbox>
	</object>
</annotation>
