<annotation>
	<folder>train</folder>
	<filename>e574ff48-32dc-4aed-80e5-45c09530.jpg</filename>
	<path>C:\tensorflow1\models\research\object_detection\images\train\e574ff48-32dc-4aed-80e5-45c09530.jpg</path>
	<source>
		<database>Unknown</database>
	</source>
	<size>
		<width>165</width>
		<height>83</height>
		<depth>3</depth>
	</size>
	<segmented>0</segmented>
	<object>
		<name>persona</name>
		<pose>Unspecified</pose>
		<truncated>0</truncated>
		<difficult>0</difficult>
		<bndbox>
			<xmin>14</xmin>
			<ymin>10</ymin>
			<xmax>54</xmax>
			<ymax>76</ymax>
		</bndbox>
	</object>
	<object>
		<name>persona</name>
		<pose>Unspecified</pose>
		<truncated>1</truncated>
		<difficult>0</difficult>
		<bndbox>
			<xmin>108</xmin>
			<ymin>18</ymin>
			<xmax>132</xmax>
			<ymax>83</ymax>
		</bndbox>
	</object>
	<object>
		<name>auto</name>
		<pose>Unspecified</pose>
		<truncated>0</truncated>
		<difficult>0</difficult>
		<bndbox>
			<xmin>65</xmin>
			<ymin>19</ymin>
			<xmax>160</xmax>
			<ymax>74</ymax>
		</bndbox>
	</object>
	<object>
		<name>auto</name>
		<pose>Unspecified</pose>
		<truncated>1</truncated>
		<difficult>0</difficult>
		<bndbox>
			<xmin>1</xmin>
			<ymin>19</ymin>
			<xmax>48</xmax>
			<ymax>53</ymax>
		</bndbox>
	</object>
</annotation>
