<annotation>
	<folder>train</folder>
	<filename>e5d4dea63f5035df18d35a6302e201e7.jpg</filename>
	<path>C:\tensorflow1\models\research\object_detection\images\train\e5d4dea63f5035df18d35a6302e201e7.jpg</path>
	<source>
		<database>Unknown</database>
	</source>
	<size>
		<width>200</width>
		<height>269</height>
		<depth>3</depth>
	</size>
	<segmented>0</segmented>
	<object>
		<name>persona</name>
		<pose>Unspecified</pose>
		<truncated>1</truncated>
		<difficult>0</difficult>
		<bndbox>
			<xmin>7</xmin>
			<ymin>1</ymin>
			<xmax>121</xmax>
			<ymax>269</ymax>
		</bndbox>
	</object>
</annotation>
