<annotation>
	<folder>train</folder>
	<filename>e8ca39a3f2ad5d6edc146b137314be34.jpg</filename>
	<path>C:\tensorflow1\models\research\object_detection\images\train\e8ca39a3f2ad5d6edc146b137314be34.jpg</path>
	<source>
		<database>Unknown</database>
	</source>
	<size>
		<width>200</width>
		<height>262</height>
		<depth>3</depth>
	</size>
	<segmented>0</segmented>
	<object>
		<name>persona</name>
		<pose>Unspecified</pose>
		<truncated>1</truncated>
		<difficult>0</difficult>
		<bndbox>
			<xmin>2</xmin>
			<ymin>4</ymin>
			<xmax>98</xmax>
			<ymax>262</ymax>
		</bndbox>
	</object>
</annotation>
