<annotation>
	<folder>train</folder>
	<filename>EE5-225x300.jpg</filename>
	<path>C:\tensorflow1\models\research\object_detection\images\train\EE5-225x300.jpg</path>
	<source>
		<database>Unknown</database>
	</source>
	<size>
		<width>56</width>
		<height>75</height>
		<depth>3</depth>
	</size>
	<segmented>0</segmented>
	<object>
		<name>persona</name>
		<pose>Unspecified</pose>
		<truncated>0</truncated>
		<difficult>0</difficult>
		<bndbox>
			<xmin>25</xmin>
			<ymin>27</ymin>
			<xmax>42</xmax>
			<ymax>53</ymax>
		</bndbox>
	</object>
</annotation>
