<annotation>
	<folder>train</folder>
	<filename>ee998ee9cd0a9dc9808c927948201088.jpg</filename>
	<path>C:\tensorflow1\models\research\object_detection\images\train\ee998ee9cd0a9dc9808c927948201088.jpg</path>
	<source>
		<database>Unknown</database>
	</source>
	<size>
		<width>200</width>
		<height>279</height>
		<depth>3</depth>
	</size>
	<segmented>0</segmented>
	<object>
		<name>persona</name>
		<pose>Unspecified</pose>
		<truncated>0</truncated>
		<difficult>0</difficult>
		<bndbox>
			<xmin>62</xmin>
			<ymin>7</ymin>
			<xmax>143</xmax>
			<ymax>195</ymax>
		</bndbox>
	</object>
</annotation>
