<annotation>
	<folder>train</folder>
	<filename>efefsefsef.jpg</filename>
	<path>C:\tensorflow1\models\research\object_detection\images\train\efefsefsef.jpg</path>
	<source>
		<database>Unknown</database>
	</source>
	<size>
		<width>200</width>
		<height>112</height>
		<depth>3</depth>
	</size>
	<segmented>0</segmented>
	<object>
		<name>auto</name>
		<pose>Unspecified</pose>
		<truncated>0</truncated>
		<difficult>0</difficult>
		<bndbox>
			<xmin>28</xmin>
			<ymin>2</ymin>
			<xmax>175</xmax>
			<ymax>108</ymax>
		</bndbox>
	</object>
</annotation>
