<annotation>
	<folder>train</folder>
	<filename>efgsdfgsg.jpg</filename>
	<path>C:\tensorflow1\models\research\object_detection\images\train\efgsdfgsg.jpg</path>
	<source>
		<database>Unknown</database>
	</source>
	<size>
		<width>600</width>
		<height>450</height>
		<depth>3</depth>
	</size>
	<segmented>0</segmented>
	<object>
		<name>persona</name>
		<pose>Unspecified</pose>
		<truncated>0</truncated>
		<difficult>0</difficult>
		<bndbox>
			<xmin>6</xmin>
			<ymin>52</ymin>
			<xmax>200</xmax>
			<ymax>448</ymax>
		</bndbox>
	</object>
	<object>
		<name>persona</name>
		<pose>Unspecified</pose>
		<truncated>1</truncated>
		<difficult>0</difficult>
		<bndbox>
			<xmin>216</xmin>
			<ymin>111</ymin>
			<xmax>577</xmax>
			<ymax>450</ymax>
		</bndbox>
	</object>
	<object>
		<name>persona</name>
		<pose>Unspecified</pose>
		<truncated>1</truncated>
		<difficult>0</difficult>
		<bndbox>
			<xmin>1</xmin>
			<ymin>115</ymin>
			<xmax>44</xmax>
			<ymax>318</ymax>
		</bndbox>
	</object>
</annotation>
