<annotation>
	<folder>train</folder>
	<filename>efgse.jpg</filename>
	<path>C:\tensorflow1\models\research\object_detection\images\train\efgse.jpg</path>
	<source>
		<database>Unknown</database>
	</source>
	<size>
		<width>144</width>
		<height>120</height>
		<depth>3</depth>
	</size>
	<segmented>0</segmented>
	<object>
		<name>persona</name>
		<pose>Unspecified</pose>
		<truncated>0</truncated>
		<difficult>0</difficult>
		<bndbox>
			<xmin>34</xmin>
			<ymin>47</ymin>
			<xmax>72</xmax>
			<ymax>117</ymax>
		</bndbox>
	</object>
	<object>
		<name>persona</name>
		<pose>Unspecified</pose>
		<truncated>1</truncated>
		<difficult>0</difficult>
		<bndbox>
			<xmin>63</xmin>
			<ymin>50</ymin>
			<xmax>107</xmax>
			<ymax>120</ymax>
		</bndbox>
	</object>
	<object>
		<name>persona</name>
		<pose>Unspecified</pose>
		<truncated>0</truncated>
		<difficult>0</difficult>
		<bndbox>
			<xmin>59</xmin>
			<ymin>8</ymin>
			<xmax>88</xmax>
			<ymax>64</ymax>
		</bndbox>
	</object>
	<object>
		<name>persona</name>
		<pose>Unspecified</pose>
		<truncated>0</truncated>
		<difficult>0</difficult>
		<bndbox>
			<xmin>35</xmin>
			<ymin>15</ymin>
			<xmax>67</xmax>
			<ymax>73</ymax>
		</bndbox>
	</object>
	<object>
		<name>persona</name>
		<pose>Unspecified</pose>
		<truncated>0</truncated>
		<difficult>0</difficult>
		<bndbox>
			<xmin>80</xmin>
			<ymin>18</ymin>
			<xmax>109</xmax>
			<ymax>80</ymax>
		</bndbox>
	</object>
</annotation>
