<annotation>
	<folder>train</folder>
	<filename>efgsegs.jpg</filename>
	<path>C:\tensorflow1\models\research\object_detection\images\train\efgsegs.jpg</path>
	<source>
		<database>Unknown</database>
	</source>
	<size>
		<width>154</width>
		<height>102</height>
		<depth>3</depth>
	</size>
	<segmented>0</segmented>
	<object>
		<name>persona</name>
		<pose>Unspecified</pose>
		<truncated>0</truncated>
		<difficult>0</difficult>
		<bndbox>
			<xmin>46</xmin>
			<ymin>21</ymin>
			<xmax>98</xmax>
			<ymax>101</ymax>
		</bndbox>
	</object>
	<object>
		<name>persona</name>
		<pose>Unspecified</pose>
		<truncated>1</truncated>
		<difficult>0</difficult>
		<bndbox>
			<xmin>83</xmin>
			<ymin>20</ymin>
			<xmax>127</xmax>
			<ymax>102</ymax>
		</bndbox>
	</object>
	<object>
		<name>persona</name>
		<pose>Unspecified</pose>
		<truncated>1</truncated>
		<difficult>0</difficult>
		<bndbox>
			<xmin>28</xmin>
			<ymin>42</ymin>
			<xmax>53</xmax>
			<ymax>102</ymax>
		</bndbox>
	</object>
</annotation>
