<annotation>
	<folder>train</folder>
	<filename>efsefsefq.jpg</filename>
	<path>C:\tensorflow1\models\research\object_detection\images\train\efsefsefq.jpg</path>
	<source>
		<database>Unknown</database>
	</source>
	<size>
		<width>156</width>
		<height>234</height>
		<depth>3</depth>
	</size>
	<segmented>0</segmented>
	<object>
		<name>persona</name>
		<pose>Unspecified</pose>
		<truncated>0</truncated>
		<difficult>0</difficult>
		<bndbox>
			<xmin>30</xmin>
			<ymin>54</ymin>
			<xmax>86</xmax>
			<ymax>224</ymax>
		</bndbox>
	</object>
</annotation>
