<annotation>
	<folder>train</folder>
	<filename>efsfsef.jpg</filename>
	<path>C:\tensorflow1\models\research\object_detection\images\train\efsfsef.jpg</path>
	<source>
		<database>Unknown</database>
	</source>
	<size>
		<width>443</width>
		<height>332</height>
		<depth>3</depth>
	</size>
	<segmented>0</segmented>
	<object>
		<name>persona</name>
		<pose>Unspecified</pose>
		<truncated>0</truncated>
		<difficult>0</difficult>
		<bndbox>
			<xmin>82</xmin>
			<ymin>92</ymin>
			<xmax>141</xmax>
			<ymax>238</ymax>
		</bndbox>
	</object>
	<object>
		<name>persona</name>
		<pose>Unspecified</pose>
		<truncated>0</truncated>
		<difficult>0</difficult>
		<bndbox>
			<xmin>132</xmin>
			<ymin>92</ymin>
			<xmax>183</xmax>
			<ymax>239</ymax>
		</bndbox>
	</object>
	<object>
		<name>persona</name>
		<pose>Unspecified</pose>
		<truncated>0</truncated>
		<difficult>0</difficult>
		<bndbox>
			<xmin>181</xmin>
			<ymin>95</ymin>
			<xmax>232</xmax>
			<ymax>235</ymax>
		</bndbox>
	</object>
	<object>
		<name>persona</name>
		<pose>Unspecified</pose>
		<truncated>0</truncated>
		<difficult>0</difficult>
		<bndbox>
			<xmin>235</xmin>
			<ymin>87</ymin>
			<xmax>260</xmax>
			<ymax>191</ymax>
		</bndbox>
	</object>
	<object>
		<name>persona</name>
		<pose>Unspecified</pose>
		<truncated>0</truncated>
		<difficult>0</difficult>
		<bndbox>
			<xmin>277</xmin>
			<ymin>91</ymin>
			<xmax>292</xmax>
			<ymax>126</ymax>
		</bndbox>
	</object>
	<object>
		<name>persona</name>
		<pose>Unspecified</pose>
		<truncated>0</truncated>
		<difficult>0</difficult>
		<bndbox>
			<xmin>251</xmin>
			<ymin>94</ymin>
			<xmax>273</xmax>
			<ymax>144</ymax>
		</bndbox>
	</object>
</annotation>
