<annotation>
	<folder>train</folder>
	<filename>egrdhtjht.jpg</filename>
	<path>C:\tensorflow1\models\research\object_detection\images\train\egrdhtjht.jpg</path>
	<source>
		<database>Unknown</database>
	</source>
	<size>
		<width>90</width>
		<height>60</height>
		<depth>3</depth>
	</size>
	<segmented>0</segmented>
	<object>
		<name>auto</name>
		<pose>Unspecified</pose>
		<truncated>1</truncated>
		<difficult>0</difficult>
		<bndbox>
			<xmin>1</xmin>
			<ymin>22</ymin>
			<xmax>38</xmax>
			<ymax>47</ymax>
		</bndbox>
	</object>
	<object>
		<name>persona</name>
		<pose>Unspecified</pose>
		<truncated>0</truncated>
		<difficult>0</difficult>
		<bndbox>
			<xmin>66</xmin>
			<ymin>25</ymin>
			<xmax>77</xmax>
			<ymax>48</ymax>
		</bndbox>
	</object>
</annotation>
