<annotation>
	<folder>train</folder>
	<filename>egrghr.jpg</filename>
	<path>C:\tensorflow1\models\research\object_detection\images\train\egrghr.jpg</path>
	<source>
		<database>Unknown</database>
	</source>
	<size>
		<width>188</width>
		<height>117</height>
		<depth>3</depth>
	</size>
	<segmented>0</segmented>
	<object>
		<name>auto</name>
		<pose>Unspecified</pose>
		<truncated>0</truncated>
		<difficult>0</difficult>
		<bndbox>
			<xmin>18</xmin>
			<ymin>42</ymin>
			<xmax>134</xmax>
			<ymax>105</ymax>
		</bndbox>
	</object>
	<object>
		<name>auto</name>
		<pose>Unspecified</pose>
		<truncated>0</truncated>
		<difficult>0</difficult>
		<bndbox>
			<xmin>97</xmin>
			<ymin>40</ymin>
			<xmax>178</xmax>
			<ymax>89</ymax>
		</bndbox>
	</object>
</annotation>
