<annotation>
	<folder>train</folder>
	<filename>egsehshtht.jpg</filename>
	<path>C:\tensorflow1\models\research\object_detection\images\train\egsehshtht.jpg</path>
	<source>
		<database>Unknown</database>
	</source>
	<size>
		<width>300</width>
		<height>173</height>
		<depth>3</depth>
	</size>
	<segmented>0</segmented>
	<object>
		<name>auto</name>
		<pose>Unspecified</pose>
		<truncated>0</truncated>
		<difficult>0</difficult>
		<bndbox>
			<xmin>39</xmin>
			<ymin>34</ymin>
			<xmax>262</xmax>
			<ymax>145</ymax>
		</bndbox>
	</object>
</annotation>
