<annotation>
	<folder>train</folder>
	<filename>egsegsdg.jpg</filename>
	<path>C:\tensorflow1\models\research\object_detection\images\train\egsegsdg.jpg</path>
	<source>
		<database>Unknown</database>
	</source>
	<size>
		<width>267</width>
		<height>425</height>
		<depth>3</depth>
	</size>
	<segmented>0</segmented>
	<object>
		<name>persona</name>
		<pose>Unspecified</pose>
		<truncated>0</truncated>
		<difficult>0</difficult>
		<bndbox>
			<xmin>46</xmin>
			<ymin>14</ymin>
			<xmax>255</xmax>
			<ymax>410</ymax>
		</bndbox>
	</object>
</annotation>
