<annotation>
	<folder>train</folder>
	<filename>egssdd.jpg</filename>
	<path>C:\tensorflow1\models\research\object_detection\images\train\egssdd.jpg</path>
	<source>
		<database>Unknown</database>
	</source>
	<size>
		<width>216</width>
		<height>348</height>
		<depth>3</depth>
	</size>
	<segmented>0</segmented>
	<object>
		<name>persona</name>
		<pose>Unspecified</pose>
		<truncated>0</truncated>
		<difficult>0</difficult>
		<bndbox>
			<xmin>65</xmin>
			<ymin>31</ymin>
			<xmax>165</xmax>
			<ymax>318</ymax>
		</bndbox>
	</object>
</annotation>
