<annotation>
	<folder>train</folder>
	<filename>en-venta-2006-ford-ikon-4945-0.jpg</filename>
	<path>C:\tensorflow1\models\research\object_detection\images\train\en-venta-2006-ford-ikon-4945-0.jpg</path>
	<source>
		<database>Unknown</database>
	</source>
	<size>
		<width>160</width>
		<height>120</height>
		<depth>3</depth>
	</size>
	<segmented>0</segmented>
	<object>
		<name>auto</name>
		<pose>Unspecified</pose>
		<truncated>1</truncated>
		<difficult>0</difficult>
		<bndbox>
			<xmin>1</xmin>
			<ymin>31</ymin>
			<xmax>157</xmax>
			<ymax>95</ymax>
		</bndbox>
	</object>
	<object>
		<name>auto</name>
		<pose>Unspecified</pose>
		<truncated>0</truncated>
		<difficult>0</difficult>
		<bndbox>
			<xmin>104</xmin>
			<ymin>26</ymin>
			<xmax>134</xmax>
			<ymax>40</ymax>
		</bndbox>
	</object>
</annotation>
