<annotation>
	<folder>train</folder>
	<filename>EQqSUDQWkAYkhPX.jpg</filename>
	<path>C:\tensorflow1\models\research\object_detection\images\train\EQqSUDQWkAYkhPX.jpg</path>
	<source>
		<database>Unknown</database>
	</source>
	<size>
		<width>300</width>
		<height>225</height>
		<depth>3</depth>
	</size>
	<segmented>0</segmented>
	<object>
		<name>persona</name>
		<pose>Unspecified</pose>
		<truncated>1</truncated>
		<difficult>0</difficult>
		<bndbox>
			<xmin>101</xmin>
			<ymin>20</ymin>
			<xmax>184</xmax>
			<ymax>225</ymax>
		</bndbox>
	</object>
	<object>
		<name>persona</name>
		<pose>Unspecified</pose>
		<truncated>1</truncated>
		<difficult>0</difficult>
		<bndbox>
			<xmin>174</xmin>
			<ymin>89</ymin>
			<xmax>247</xmax>
			<ymax>225</ymax>
		</bndbox>
	</object>
</annotation>
