<annotation>
	<folder>train</folder>
	<filename>esdegsdgsdgs.jpg</filename>
	<path>C:\tensorflow1\models\research\object_detection\images\train\esdegsdgsdgs.jpg</path>
	<source>
		<database>Unknown</database>
	</source>
	<size>
		<width>229</width>
		<height>348</height>
		<depth>3</depth>
	</size>
	<segmented>0</segmented>
	<object>
		<name>persona</name>
		<pose>Unspecified</pose>
		<truncated>0</truncated>
		<difficult>0</difficult>
		<bndbox>
			<xmin>72</xmin>
			<ymin>53</ymin>
			<xmax>162</xmax>
			<ymax>308</ymax>
		</bndbox>
	</object>
</annotation>
