<annotation>
	<folder>train</folder>
	<filename>esdgsdg.jpg</filename>
	<path>C:\tensorflow1\models\research\object_detection\images\train\esdgsdg.jpg</path>
	<source>
		<database>Unknown</database>
	</source>
	<size>
		<width>250</width>
		<height>332</height>
		<depth>3</depth>
	</size>
	<segmented>0</segmented>
	<object>
		<name>persona</name>
		<pose>Unspecified</pose>
		<truncated>0</truncated>
		<difficult>0</difficult>
		<bndbox>
			<xmin>4</xmin>
			<ymin>6</ymin>
			<xmax>120</xmax>
			<ymax>321</ymax>
		</bndbox>
	</object>
</annotation>
