<annotation>
	<folder>train</folder>
	<filename>esfsef.jpg</filename>
	<path>C:\tensorflow1\models\research\object_detection\images\train\esfsef.jpg</path>
	<source>
		<database>Unknown</database>
	</source>
	<size>
		<width>64</width>
		<height>50</height>
		<depth>3</depth>
	</size>
	<segmented>0</segmented>
	<object>
		<name>auto</name>
		<pose>Unspecified</pose>
		<truncated>0</truncated>
		<difficult>0</difficult>
		<bndbox>
			<xmin>2</xmin>
			<ymin>6</ymin>
			<xmax>61</xmax>
			<ymax>47</ymax>
		</bndbox>
	</object>
</annotation>
