<annotation>
	<folder>train</folder>
	<filename>esfsfsefsef.jpg</filename>
	<path>C:\tensorflow1\models\research\object_detection\images\train\esfsfsefsef.jpg</path>
	<source>
		<database>Unknown</database>
	</source>
	<size>
		<width>300</width>
		<height>200</height>
		<depth>3</depth>
	</size>
	<segmented>0</segmented>
	<object>
		<name>auto</name>
		<pose>Unspecified</pose>
		<truncated>0</truncated>
		<difficult>0</difficult>
		<bndbox>
			<xmin>47</xmin>
			<ymin>45</ymin>
			<xmax>141</xmax>
			<ymax>123</ymax>
		</bndbox>
	</object>
	<object>
		<name>persona</name>
		<pose>Unspecified</pose>
		<truncated>1</truncated>
		<difficult>0</difficult>
		<bndbox>
			<xmin>123</xmin>
			<ymin>30</ymin>
			<xmax>226</xmax>
			<ymax>200</ymax>
		</bndbox>
	</object>
</annotation>
