<annotation>
	<folder>train</folder>
	<filename>esgbsdgs.jpg</filename>
	<path>C:\tensorflow1\models\research\object_detection\images\train\esgbsdgs.jpg</path>
	<source>
		<database>Unknown</database>
	</source>
	<size>
		<width>160</width>
		<height>120</height>
		<depth>3</depth>
	</size>
	<segmented>0</segmented>
	<object>
		<name>auto</name>
		<pose>Unspecified</pose>
		<truncated>0</truncated>
		<difficult>0</difficult>
		<bndbox>
			<xmin>18</xmin>
			<ymin>14</ymin>
			<xmax>150</xmax>
			<ymax>93</ymax>
		</bndbox>
	</object>
</annotation>
