<annotation>
	<folder>train</folder>
	<filename>esgshtjrj.jpg</filename>
	<path>C:\tensorflow1\models\research\object_detection\images\train\esgshtjrj.jpg</path>
	<source>
		<database>Unknown</database>
	</source>
	<size>
		<width>217</width>
		<height>122</height>
		<depth>3</depth>
	</size>
	<segmented>0</segmented>
	<object>
		<name>auto</name>
		<pose>Unspecified</pose>
		<truncated>0</truncated>
		<difficult>0</difficult>
		<bndbox>
			<xmin>39</xmin>
			<ymin>12</ymin>
			<xmax>187</xmax>
			<ymax>121</ymax>
		</bndbox>
	</object>
</annotation>
