<annotation>
	<folder>train</folder>
	<filename>f608x342-49349_79072_2.jpg</filename>
	<path>C:\tensorflow1\models\research\object_detection\images\train\f608x342-49349_79072_2.jpg</path>
	<source>
		<database>Unknown</database>
	</source>
	<size>
		<width>152</width>
		<height>86</height>
		<depth>3</depth>
	</size>
	<segmented>0</segmented>
	<object>
		<name>auto</name>
		<pose>Unspecified</pose>
		<truncated>1</truncated>
		<difficult>0</difficult>
		<bndbox>
			<xmin>1</xmin>
			<ymin>1</ymin>
			<xmax>120</xmax>
			<ymax>74</ymax>
		</bndbox>
	</object>
	<object>
		<name>persona</name>
		<pose>Unspecified</pose>
		<truncated>1</truncated>
		<difficult>0</difficult>
		<bndbox>
			<xmin>70</xmin>
			<ymin>1</ymin>
			<xmax>119</xmax>
			<ymax>82</ymax>
		</bndbox>
	</object>
</annotation>
