<annotation>
	<folder>train</folder>
	<filename>f608x342-606813_636536_0.jpg</filename>
	<path>C:\tensorflow1\models\research\object_detection\images\train\f608x342-606813_636536_0.jpg</path>
	<source>
		<database>Unknown</database>
	</source>
	<size>
		<width>152</width>
		<height>86</height>
		<depth>3</depth>
	</size>
	<segmented>0</segmented>
	<object>
		<name>auto</name>
		<pose>Unspecified</pose>
		<truncated>0</truncated>
		<difficult>0</difficult>
		<bndbox>
			<xmin>45</xmin>
			<ymin>27</ymin>
			<xmax>83</xmax>
			<ymax>54</ymax>
		</bndbox>
	</object>
	<object>
		<name>persona</name>
		<pose>Unspecified</pose>
		<truncated>0</truncated>
		<difficult>0</difficult>
		<bndbox>
			<xmin>110</xmin>
			<ymin>24</ymin>
			<xmax>129</xmax>
			<ymax>73</ymax>
		</bndbox>
	</object>
	<object>
		<name>persona</name>
		<pose>Unspecified</pose>
		<truncated>0</truncated>
		<difficult>0</difficult>
		<bndbox>
			<xmin>126</xmin>
			<ymin>29</ymin>
			<xmax>148</xmax>
			<ymax>83</ymax>
		</bndbox>
	</object>
</annotation>
