<annotation>
	<folder>train</folder>
	<filename>f608x342-41960_71683_11.jpg</filename>
	<path>C:\tensorflow1\models\research\object_detection\images\train\f608x342-41960_71683_11.jpg</path>
	<source>
		<database>Unknown</database>
	</source>
	<size>
		<width>152</width>
		<height>86</height>
		<depth>3</depth>
	</size>
	<segmented>0</segmented>
	<object>
		<name>persona</name>
		<pose>Unspecified</pose>
		<truncated>1</truncated>
		<difficult>0</difficult>
		<bndbox>
			<xmin>3</xmin>
			<ymin>1</ymin>
			<xmax>44</xmax>
			<ymax>86</ymax>
		</bndbox>
	</object>
	<object>
		<name>auto</name>
		<pose>Unspecified</pose>
		<truncated>1</truncated>
		<difficult>0</difficult>
		<bndbox>
			<xmin>48</xmin>
			<ymin>12</ymin>
			<xmax>143</xmax>
			<ymax>86</ymax>
		</bndbox>
	</object>
</annotation>
