<annotation>
	<folder>train</folder>
	<filename>faagsdfs.jpg</filename>
	<path>C:\tensorflow1\models\research\object_detection\images\train\faagsdfs.jpg</path>
	<source>
		<database>Unknown</database>
	</source>
	<size>
		<width>188</width>
		<height>117</height>
		<depth>3</depth>
	</size>
	<segmented>0</segmented>
	<object>
		<name>auto</name>
		<pose>Unspecified</pose>
		<truncated>0</truncated>
		<difficult>0</difficult>
		<bndbox>
			<xmin>5</xmin>
			<ymin>42</ymin>
			<xmax>97</xmax>
			<ymax>83</ymax>
		</bndbox>
	</object>
	<object>
		<name>auto</name>
		<pose>Unspecified</pose>
		<truncated>0</truncated>
		<difficult>0</difficult>
		<bndbox>
			<xmin>85</xmin>
			<ymin>41</ymin>
			<xmax>184</xmax>
			<ymax>85</ymax>
		</bndbox>
	</object>
</annotation>
