<annotation>
	<folder>train</folder>
	<filename>fdgherfe.jpg</filename>
	<path>C:\tensorflow1\models\research\object_detection\images\train\fdgherfe.jpg</path>
	<source>
		<database>Unknown</database>
	</source>
	<size>
		<width>216</width>
		<height>348</height>
		<depth>3</depth>
	</size>
	<segmented>0</segmented>
	<object>
		<name>persona</name>
		<pose>Unspecified</pose>
		<truncated>0</truncated>
		<difficult>0</difficult>
		<bndbox>
			<xmin>46</xmin>
			<ymin>86</ymin>
			<xmax>177</xmax>
			<ymax>330</ymax>
		</bndbox>
	</object>
	<object>
		<name>persona</name>
		<pose>Unspecified</pose>
		<truncated>1</truncated>
		<difficult>0</difficult>
		<bndbox>
			<xmin>181</xmin>
			<ymin>101</ymin>
			<xmax>216</xmax>
			<ymax>205</ymax>
		</bndbox>
	</object>
</annotation>
