<annotation>
	<folder>train</folder>
	<filename>ford-kuga-challenge_mp_33031.jpg</filename>
	<path>C:\tensorflow1\models\research\object_detection\images\train\ford-kuga-challenge_mp_33031.jpg</path>
	<source>
		<database>Unknown</database>
	</source>
	<size>
		<width>145</width>
		<height>109</height>
		<depth>3</depth>
	</size>
	<segmented>0</segmented>
	<object>
		<name>auto</name>
		<pose>Unspecified</pose>
		<truncated>0</truncated>
		<difficult>0</difficult>
		<bndbox>
			<xmin>8</xmin>
			<ymin>55</ymin>
			<xmax>93</xmax>
			<ymax>100</ymax>
		</bndbox>
	</object>
	<object>
		<name>persona</name>
		<pose>Unspecified</pose>
		<truncated>0</truncated>
		<difficult>0</difficult>
		<bndbox>
			<xmin>99</xmin>
			<ymin>8</ymin>
			<xmax>143</xmax>
			<ymax>99</ymax>
		</bndbox>
	</object>
</annotation>
