<annotation>
	<folder>train</folder>
	<filename>ford-focus-690338.jpg</filename>
	<path>C:\tensorflow1\models\research\object_detection\images\train\ford-focus-690338.jpg</path>
	<source>
		<database>Unknown</database>
	</source>
	<size>
		<width>480</width>
		<height>330</height>
		<depth>3</depth>
	</size>
	<segmented>0</segmented>
	<object>
		<name>auto</name>
		<pose>Unspecified</pose>
		<truncated>0</truncated>
		<difficult>0</difficult>
		<bndbox>
			<xmin>27</xmin>
			<ymin>63</ymin>
			<xmax>436</xmax>
			<ymax>315</ymax>
		</bndbox>
	</object>
</annotation>
