<annotation>
	<folder>train</folder>
	<filename>Ford_Focus_rear_20080409.jpg</filename>
	<path>C:\tensorflow1\models\research\object_detection\images\train\Ford_Focus_rear_20080409.jpg</path>
	<source>
		<database>Unknown</database>
	</source>
	<size>
		<width>69</width>
		<height>45</height>
		<depth>3</depth>
	</size>
	<segmented>0</segmented>
	<object>
		<name>auto</name>
		<pose>Unspecified</pose>
		<truncated>1</truncated>
		<difficult>0</difficult>
		<bndbox>
			<xmin>1</xmin>
			<ymin>1</ymin>
			<xmax>68</xmax>
			<ymax>43</ymax>
		</bndbox>
	</object>
</annotation>
