<annotation>
	<folder>train</folder>
	<filename>ford-focus-18-tdci-ghia-18646325_1.jpg</filename>
	<path>C:\tensorflow1\models\research\object_detection\images\train\ford-focus-18-tdci-ghia-18646325_1.jpg</path>
	<source>
		<database>Unknown</database>
	</source>
	<size>
		<width>105</width>
		<height>79</height>
		<depth>3</depth>
	</size>
	<segmented>0</segmented>
	<object>
		<name>auto</name>
		<pose>Unspecified</pose>
		<truncated>1</truncated>
		<difficult>0</difficult>
		<bndbox>
			<xmin>1</xmin>
			<ymin>24</ymin>
			<xmax>87</xmax>
			<ymax>69</ymax>
		</bndbox>
	</object>
	<object>
		<name>auto</name>
		<pose>Unspecified</pose>
		<truncated>1</truncated>
		<difficult>0</difficult>
		<bndbox>
			<xmin>80</xmin>
			<ymin>27</ymin>
			<xmax>105</xmax>
			<ymax>43</ymax>
		</bndbox>
	</object>
</annotation>
