<annotation>
	<folder>train</folder>
	<filename>FORDFOCUS1.jpg</filename>
	<path>C:\tensorflow1\models\research\object_detection\images\train\FORDFOCUS1.jpg</path>
	<source>
		<database>Unknown</database>
	</source>
	<size>
		<width>366</width>
		<height>206</height>
		<depth>3</depth>
	</size>
	<segmented>0</segmented>
	<object>
		<name>auto</name>
		<pose>Unspecified</pose>
		<truncated>0</truncated>
		<difficult>0</difficult>
		<bndbox>
			<xmin>83</xmin>
			<ymin>67</ymin>
			<xmax>272</xmax>
			<ymax>160</ymax>
		</bndbox>
	</object>
</annotation>
