<annotation>
	<folder>train</folder>
	<filename>ford-focus-wagon_770_11.jpg</filename>
	<path>C:\tensorflow1\models\research\object_detection\images\train\ford-focus-wagon_770_11.jpg</path>
	<source>
		<database>Unknown</database>
	</source>
	<size>
		<width>200</width>
		<height>133</height>
		<depth>3</depth>
	</size>
	<segmented>0</segmented>
	<object>
		<name>auto</name>
		<pose>Unspecified</pose>
		<truncated>0</truncated>
		<difficult>0</difficult>
		<bndbox>
			<xmin>19</xmin>
			<ymin>22</ymin>
			<xmax>186</xmax>
			<ymax>128</ymax>
		</bndbox>
	</object>
	<object>
		<name>persona</name>
		<pose>Unspecified</pose>
		<truncated>0</truncated>
		<difficult>0</difficult>
		<bndbox>
			<xmin>168</xmin>
			<ymin>2</ymin>
			<xmax>191</xmax>
			<ymax>66</ymax>
		</bndbox>
	</object>
</annotation>
