<annotation>
	<folder>train</folder>
	<filename>ford_honda_y_kiajpg.jpg</filename>
	<path>C:\tensorflow1\models\research\object_detection\images\train\ford_honda_y_kiajpg.jpg</path>
	<source>
		<database>Unknown</database>
	</source>
	<size>
		<width>170</width>
		<height>100</height>
		<depth>3</depth>
	</size>
	<segmented>0</segmented>
	<object>
		<name>auto</name>
		<pose>Unspecified</pose>
		<truncated>1</truncated>
		<difficult>0</difficult>
		<bndbox>
			<xmin>1</xmin>
			<ymin>14</ymin>
			<xmax>93</xmax>
			<ymax>81</ymax>
		</bndbox>
	</object>
	<object>
		<name>auto</name>
		<pose>Unspecified</pose>
		<truncated>0</truncated>
		<difficult>0</difficult>
		<bndbox>
			<xmin>88</xmin>
			<ymin>32</ymin>
			<xmax>139</xmax>
			<ymax>71</ymax>
		</bndbox>
	</object>
	<object>
		<name>auto</name>
		<pose>Unspecified</pose>
		<truncated>1</truncated>
		<difficult>0</difficult>
		<bndbox>
			<xmin>132</xmin>
			<ymin>42</ymin>
			<xmax>170</xmax>
			<ymax>95</ymax>
		</bndbox>
	</object>
</annotation>
