<annotation>
	<folder>train</folder>
	<filename>ford-focus-2017-1fadp3k29hl212828-img4.jpg</filename>
	<path>C:\tensorflow1\models\research\object_detection\images\train\ford-focus-2017-1fadp3k29hl212828-img4.jpg</path>
	<source>
		<database>Unknown</database>
	</source>
	<size>
		<width>160</width>
		<height>120</height>
		<depth>3</depth>
	</size>
	<segmented>0</segmented>
	<object>
		<name>auto</name>
		<pose>Unspecified</pose>
		<truncated>1</truncated>
		<difficult>0</difficult>
		<bndbox>
			<xmin>1</xmin>
			<ymin>17</ymin>
			<xmax>139</xmax>
			<ymax>120</ymax>
		</bndbox>
	</object>
	<object>
		<name>auto</name>
		<pose>Unspecified</pose>
		<truncated>1</truncated>
		<difficult>0</difficult>
		<bndbox>
			<xmin>131</xmin>
			<ymin>11</ymin>
			<xmax>160</xmax>
			<ymax>28</ymax>
		</bndbox>
	</object>
</annotation>
