<annotation>
	<folder>train</folder>
	<filename>Ford-Performance-Parts-Focus-RS-1512.jpg</filename>
	<path>C:\tensorflow1\models\research\object_detection\images\train\Ford-Performance-Parts-Focus-RS-1512.jpg</path>
	<source>
		<database>Unknown</database>
	</source>
	<size>
		<width>165</width>
		<height>110</height>
		<depth>3</depth>
	</size>
	<segmented>0</segmented>
	<object>
		<name>auto</name>
		<pose>Unspecified</pose>
		<truncated>0</truncated>
		<difficult>0</difficult>
		<bndbox>
			<xmin>12</xmin>
			<ymin>24</ymin>
			<xmax>154</xmax>
			<ymax>98</ymax>
		</bndbox>
	</object>
</annotation>
