<annotation>
	<folder>train</folder>
	<filename>Ford-Focus-5.jpg</filename>
	<path>C:\tensorflow1\models\research\object_detection\images\train\Ford-Focus-5.jpg</path>
	<source>
		<database>Unknown</database>
	</source>
	<size>
		<width>250</width>
		<height>139</height>
		<depth>3</depth>
	</size>
	<segmented>0</segmented>
	<object>
		<name>auto</name>
		<pose>Unspecified</pose>
		<truncated>1</truncated>
		<difficult>0</difficult>
		<bndbox>
			<xmin>32</xmin>
			<ymin>1</ymin>
			<xmax>208</xmax>
			<ymax>132</ymax>
		</bndbox>
	</object>
</annotation>
