<annotation>
	<folder>train</folder>
	<filename>Ford_Focus_2019-1.jpg</filename>
	<path>C:\tensorflow1\models\research\object_detection\images\train\Ford_Focus_2019-1.jpg</path>
	<source>
		<database>Unknown</database>
	</source>
	<size>
		<width>236</width>
		<height>134</height>
		<depth>3</depth>
	</size>
	<segmented>0</segmented>
	<object>
		<name>auto</name>
		<pose>Unspecified</pose>
		<truncated>0</truncated>
		<difficult>0</difficult>
		<bndbox>
			<xmin>5</xmin>
			<ymin>12</ymin>
			<xmax>114</xmax>
			<ymax>55</ymax>
		</bndbox>
	</object>
	<object>
		<name>auto</name>
		<pose>Unspecified</pose>
		<truncated>0</truncated>
		<difficult>0</difficult>
		<bndbox>
			<xmin>6</xmin>
			<ymin>83</ymin>
			<xmax>113</xmax>
			<ymax>127</ymax>
		</bndbox>
	</object>
</annotation>
