<annotation>
	<folder>train</folder>
	<filename>FORDFOCUS13.jpg</filename>
	<path>C:\tensorflow1\models\research\object_detection\images\train\FORDFOCUS13.jpg</path>
	<source>
		<database>Unknown</database>
	</source>
	<size>
		<width>375</width>
		<height>212</height>
		<depth>3</depth>
	</size>
	<segmented>0</segmented>
	<object>
		<name>auto</name>
		<pose>Unspecified</pose>
		<truncated>0</truncated>
		<difficult>0</difficult>
		<bndbox>
			<xmin>10</xmin>
			<ymin>29</ymin>
			<xmax>354</xmax>
			<ymax>187</ymax>
		</bndbox>
	</object>
</annotation>
