<annotation>
	<folder>train</folder>
	<filename>ford-fiesta-container.jpg</filename>
	<path>C:\tensorflow1\models\research\object_detection\images\train\ford-fiesta-container.jpg</path>
	<source>
		<database>Unknown</database>
	</source>
	<size>
		<width>213</width>
		<height>129</height>
		<depth>3</depth>
	</size>
	<segmented>0</segmented>
	<object>
		<name>persona</name>
		<pose>Unspecified</pose>
		<truncated>0</truncated>
		<difficult>0</difficult>
		<bndbox>
			<xmin>131</xmin>
			<ymin>37</ymin>
			<xmax>184</xmax>
			<ymax>100</ymax>
		</bndbox>
	</object>
	<object>
		<name>auto</name>
		<pose>Unspecified</pose>
		<truncated>0</truncated>
		<difficult>0</difficult>
		<bndbox>
			<xmin>5</xmin>
			<ymin>28</ymin>
			<xmax>139</xmax>
			<ymax>103</ymax>
		</bndbox>
	</object>
</annotation>
