<annotation>
	<folder>train</folder>
	<filename>ford-focus-hatchback-cd20a7a89791.jpg</filename>
	<path>C:\tensorflow1\models\research\object_detection\images\train\ford-focus-hatchback-cd20a7a89791.jpg</path>
	<source>
		<database>Unknown</database>
	</source>
	<size>
		<width>256</width>
		<height>171</height>
		<depth>3</depth>
	</size>
	<segmented>0</segmented>
	<object>
		<name>auto</name>
		<pose>Unspecified</pose>
		<truncated>0</truncated>
		<difficult>0</difficult>
		<bndbox>
			<xmin>28</xmin>
			<ymin>56</ymin>
			<xmax>156</xmax>
			<ymax>135</ymax>
		</bndbox>
	</object>
	<object>
		<name>auto</name>
		<pose>Unspecified</pose>
		<truncated>0</truncated>
		<difficult>0</difficult>
		<bndbox>
			<xmin>99</xmin>
			<ymin>58</ymin>
			<xmax>180</xmax>
			<ymax>108</ymax>
		</bndbox>
	</object>
	<object>
		<name>auto</name>
		<pose>Unspecified</pose>
		<truncated>0</truncated>
		<difficult>0</difficult>
		<bndbox>
			<xmin>140</xmin>
			<ymin>60</ymin>
			<xmax>195</xmax>
			<ymax>97</ymax>
		</bndbox>
	</object>
	<object>
		<name>auto</name>
		<pose>Unspecified</pose>
		<truncated>0</truncated>
		<difficult>0</difficult>
		<bndbox>
			<xmin>210</xmin>
			<ymin>61</ymin>
			<xmax>252</xmax>
			<ymax>98</ymax>
		</bndbox>
	</object>
	<object>
		<name>auto</name>
		<pose>Unspecified</pose>
		<truncated>1</truncated>
		<difficult>0</difficult>
		<bndbox>
			<xmin>1</xmin>
			<ymin>60</ymin>
			<xmax>88</xmax>
			<ymax>171</ymax>
		</bndbox>
	</object>
</annotation>
