<annotation>
	<folder>train</folder>
	<filename>ford_focus_2005_sportbreak_1687_1.jpg</filename>
	<path>C:\tensorflow1\models\research\object_detection\images\train\ford_focus_2005_sportbreak_1687_1.jpg</path>
	<source>
		<database>Unknown</database>
	</source>
	<size>
		<width>98</width>
		<height>61</height>
		<depth>3</depth>
	</size>
	<segmented>0</segmented>
	<object>
		<name>auto</name>
		<pose>Unspecified</pose>
		<truncated>0</truncated>
		<difficult>0</difficult>
		<bndbox>
			<xmin>9</xmin>
			<ymin>14</ymin>
			<xmax>85</xmax>
			<ymax>56</ymax>
		</bndbox>
	</object>
</annotation>
