<annotation>
	<folder>train</folder>
	<filename>ford-focus-rs-2009-c757220082019123835_2.jpg</filename>
	<path>C:\tensorflow1\models\research\object_detection\images\train\ford-focus-rs-2009-c757220082019123835_2.jpg</path>
	<source>
		<database>Unknown</database>
	</source>
	<size>
		<width>320</width>
		<height>213</height>
		<depth>3</depth>
	</size>
	<segmented>0</segmented>
	<object>
		<name>auto</name>
		<pose>Unspecified</pose>
		<truncated>0</truncated>
		<difficult>0</difficult>
		<bndbox>
			<xmin>75</xmin>
			<ymin>62</ymin>
			<xmax>250</xmax>
			<ymax>171</ymax>
		</bndbox>
	</object>
	<object>
		<name>auto</name>
		<pose>Unspecified</pose>
		<truncated>1</truncated>
		<difficult>0</difficult>
		<bndbox>
			<xmin>1</xmin>
			<ymin>55</ymin>
			<xmax>67</xmax>
			<ymax>116</ymax>
		</bndbox>
	</object>
	<object>
		<name>auto</name>
		<pose>Unspecified</pose>
		<truncated>0</truncated>
		<difficult>0</difficult>
		<bndbox>
			<xmin>197</xmin>
			<ymin>56</ymin>
			<xmax>297</xmax>
			<ymax>114</ymax>
		</bndbox>
	</object>
</annotation>
