<annotation>
	<folder>train</folder>
	<filename>ford-focus-apertura.jpg</filename>
	<path>C:\tensorflow1\models\research\object_detection\images\train\ford-focus-apertura.jpg</path>
	<source>
		<database>Unknown</database>
	</source>
	<size>
		<width>320</width>
		<height>180</height>
		<depth>3</depth>
	</size>
	<segmented>0</segmented>
	<object>
		<name>auto</name>
		<pose>Unspecified</pose>
		<truncated>0</truncated>
		<difficult>0</difficult>
		<bndbox>
			<xmin>20</xmin>
			<ymin>63</ymin>
			<xmax>152</xmax>
			<ymax>149</ymax>
		</bndbox>
	</object>
	<object>
		<name>auto</name>
		<pose>Unspecified</pose>
		<truncated>0</truncated>
		<difficult>0</difficult>
		<bndbox>
			<xmin>158</xmin>
			<ymin>67</ymin>
			<xmax>307</xmax>
			<ymax>151</ymax>
		</bndbox>
	</object>
</annotation>
