<annotation>
	<folder>train</folder>
	<filename>ford-focus-black-red-edition.jpg</filename>
	<path>C:\tensorflow1\models\research\object_detection\images\train\ford-focus-black-red-edition.jpg</path>
	<source>
		<database>Unknown</database>
	</source>
	<size>
		<width>317</width>
		<height>166</height>
		<depth>3</depth>
	</size>
	<segmented>0</segmented>
	<object>
		<name>auto</name>
		<pose>Unspecified</pose>
		<truncated>0</truncated>
		<difficult>0</difficult>
		<bndbox>
			<xmin>11</xmin>
			<ymin>22</ymin>
			<xmax>161</xmax>
			<ymax>98</ymax>
		</bndbox>
	</object>
	<object>
		<name>auto</name>
		<pose>Unspecified</pose>
		<truncated>0</truncated>
		<difficult>0</difficult>
		<bndbox>
			<xmin>116</xmin>
			<ymin>30</ymin>
			<xmax>306</xmax>
			<ymax>145</ymax>
		</bndbox>
	</object>
</annotation>
