<annotation>
	<folder>train</folder>
	<filename>fotonoticia_20150116163353_420.jpg</filename>
	<path>C:\tensorflow1\models\research\object_detection\images\train\fotonoticia_20150116163353_420.jpg</path>
	<source>
		<database>Unknown</database>
	</source>
	<size>
		<width>105</width>
		<height>70</height>
		<depth>3</depth>
	</size>
	<segmented>0</segmented>
	<object>
		<name>persona</name>
		<pose>Unspecified</pose>
		<truncated>1</truncated>
		<difficult>0</difficult>
		<bndbox>
			<xmin>24</xmin>
			<ymin>1</ymin>
			<xmax>46</xmax>
			<ymax>54</ymax>
		</bndbox>
	</object>
	<object>
		<name>persona</name>
		<pose>Unspecified</pose>
		<truncated>0</truncated>
		<difficult>0</difficult>
		<bndbox>
			<xmin>53</xmin>
			<ymin>10</ymin>
			<xmax>69</xmax>
			<ymax>53</ymax>
		</bndbox>
	</object>
	<object>
		<name>persona</name>
		<pose>Unspecified</pose>
		<truncated>0</truncated>
		<difficult>0</difficult>
		<bndbox>
			<xmin>78</xmin>
			<ymin>4</ymin>
			<xmax>97</xmax>
			<ymax>57</ymax>
		</bndbox>
	</object>
</annotation>
