<annotation>
	<folder>train</folder>
	<filename>Foto-grupo.jpg</filename>
	<path>C:\tensorflow1\models\research\object_detection\images\train\Foto-grupo.jpg</path>
	<source>
		<database>Unknown</database>
	</source>
	<size>
		<width>285</width>
		<height>214</height>
		<depth>3</depth>
	</size>
	<segmented>0</segmented>
	<object>
		<name>persona</name>
		<pose>Unspecified</pose>
		<truncated>0</truncated>
		<difficult>0</difficult>
		<bndbox>
			<xmin>23</xmin>
			<ymin>77</ymin>
			<xmax>99</xmax>
			<ymax>207</ymax>
		</bndbox>
	</object>
	<object>
		<name>persona</name>
		<pose>Unspecified</pose>
		<truncated>0</truncated>
		<difficult>0</difficult>
		<bndbox>
			<xmin>90</xmin>
			<ymin>74</ymin>
			<xmax>165</xmax>
			<ymax>209</ymax>
		</bndbox>
	</object>
	<object>
		<name>persona</name>
		<pose>Unspecified</pose>
		<truncated>1</truncated>
		<difficult>0</difficult>
		<bndbox>
			<xmin>159</xmin>
			<ymin>79</ymin>
			<xmax>236</xmax>
			<ymax>214</ymax>
		</bndbox>
	</object>
	<object>
		<name>persona</name>
		<pose>Unspecified</pose>
		<truncated>0</truncated>
		<difficult>0</difficult>
		<bndbox>
			<xmin>46</xmin>
			<ymin>3</ymin>
			<xmax>106</xmax>
			<ymax>116</ymax>
		</bndbox>
	</object>
	<object>
		<name>persona</name>
		<pose>Unspecified</pose>
		<truncated>0</truncated>
		<difficult>0</difficult>
		<bndbox>
			<xmin>96</xmin>
			<ymin>14</ymin>
			<xmax>153</xmax>
			<ymax>109</ymax>
		</bndbox>
	</object>
	<object>
		<name>persona</name>
		<pose>Unspecified</pose>
		<truncated>1</truncated>
		<difficult>0</difficult>
		<bndbox>
			<xmin>152</xmin>
			<ymin>1</ymin>
			<xmax>211</xmax>
			<ymax>130</ymax>
		</bndbox>
	</object>
</annotation>
