<annotation>
	<folder>train</folder>
	<filename>fsdfs.jpg</filename>
	<path>C:\tensorflow1\models\research\object_detection\images\train\fsdfs.jpg</path>
	<source>
		<database>Unknown</database>
	</source>
	<size>
		<width>125</width>
		<height>88</height>
		<depth>3</depth>
	</size>
	<segmented>0</segmented>
	<object>
		<name>auto</name>
		<pose>Unspecified</pose>
		<truncated>0</truncated>
		<difficult>0</difficult>
		<bndbox>
			<xmin>18</xmin>
			<ymin>33</ymin>
			<xmax>111</xmax>
			<ymax>83</ymax>
		</bndbox>
	</object>
	<object>
		<name>auto</name>
		<pose>Unspecified</pose>
		<truncated>0</truncated>
		<difficult>0</difficult>
		<bndbox>
			<xmin>17</xmin>
			<ymin>2</ymin>
			<xmax>104</xmax>
			<ymax>41</ymax>
		</bndbox>
	</object>
</annotation>
