<annotation>
	<folder>train</folder>
	<filename>gesdgsdg.jpg</filename>
	<path>C:\tensorflow1\models\research\object_detection\images\train\gesdgsdg.jpg</path>
	<source>
		<database>Unknown</database>
	</source>
	<size>
		<width>426</width>
		<height>240</height>
		<depth>3</depth>
	</size>
	<segmented>0</segmented>
	<object>
		<name>persona</name>
		<pose>Unspecified</pose>
		<truncated>1</truncated>
		<difficult>0</difficult>
		<bndbox>
			<xmin>171</xmin>
			<ymin>3</ymin>
			<xmax>275</xmax>
			<ymax>240</ymax>
		</bndbox>
	</object>
</annotation>
