<annotation>
	<folder>train</folder>
	<filename>girls-green-plants-models-lookbook-hair-style.jpg</filename>
	<path>C:\tensorflow1\models\research\object_detection\images\train\girls-green-plants-models-lookbook-hair-style.jpg</path>
	<source>
		<database>Unknown</database>
	</source>
	<size>
		<width>228</width>
		<height>341</height>
		<depth>3</depth>
	</size>
	<segmented>0</segmented>
	<object>
		<name>persona</name>
		<pose>Unspecified</pose>
		<truncated>0</truncated>
		<difficult>0</difficult>
		<bndbox>
			<xmin>53</xmin>
			<ymin>23</ymin>
			<xmax>177</xmax>
			<ymax>332</ymax>
		</bndbox>
	</object>
</annotation>
