<annotation>
	<folder>train</folder>
	<filename>girl-zipping-jump-young.jpg</filename>
	<path>C:\tensorflow1\models\research\object_detection\images\train\girl-zipping-jump-young.jpg</path>
	<source>
		<database>Unknown</database>
	</source>
	<size>
		<width>228</width>
		<height>344</height>
		<depth>3</depth>
	</size>
	<segmented>0</segmented>
	<object>
		<name>persona</name>
		<pose>Unspecified</pose>
		<truncated>0</truncated>
		<difficult>0</difficult>
		<bndbox>
			<xmin>65</xmin>
			<ymin>25</ymin>
			<xmax>142</xmax>
			<ymax>253</ymax>
		</bndbox>
	</object>
</annotation>
