<annotation>
	<folder>train</folder>
	<filename>grupo-personas-mascarillas-pekin-1883055.jpg</filename>
	<path>C:\tensorflow1\models\research\object_detection\images\train\grupo-personas-mascarillas-pekin-1883055.jpg</path>
	<source>
		<database>Unknown</database>
	</source>
	<size>
		<width>961</width>
		<height>641</height>
		<depth>3</depth>
	</size>
	<segmented>0</segmented>
	<object>
		<name>persona</name>
		<pose>Unspecified</pose>
		<truncated>0</truncated>
		<difficult>0</difficult>
		<bndbox>
			<xmin>109</xmin>
			<ymin>177</ymin>
			<xmax>270</xmax>
			<ymax>622</ymax>
		</bndbox>
	</object>
	<object>
		<name>persona</name>
		<pose>Unspecified</pose>
		<truncated>0</truncated>
		<difficult>0</difficult>
		<bndbox>
			<xmin>245</xmin>
			<ymin>76</ymin>
			<xmax>421</xmax>
			<ymax>629</ymax>
		</bndbox>
	</object>
	<object>
		<name>persona</name>
		<pose>Unspecified</pose>
		<truncated>0</truncated>
		<difficult>0</difficult>
		<bndbox>
			<xmin>430</xmin>
			<ymin>239</ymin>
			<xmax>575</xmax>
			<ymax>622</ymax>
		</bndbox>
	</object>
	<object>
		<name>persona</name>
		<pose>Unspecified</pose>
		<truncated>0</truncated>
		<difficult>0</difficult>
		<bndbox>
			<xmin>562</xmin>
			<ymin>222</ymin>
			<xmax>670</xmax>
			<ymax>625</ymax>
		</bndbox>
	</object>
	<object>
		<name>persona</name>
		<pose>Unspecified</pose>
		<truncated>0</truncated>
		<difficult>0</difficult>
		<bndbox>
			<xmin>626</xmin>
			<ymin>193</ymin>
			<xmax>815</xmax>
			<ymax>629</ymax>
		</bndbox>
	</object>
	<object>
		<name>persona</name>
		<pose>Unspecified</pose>
		<truncated>0</truncated>
		<difficult>0</difficult>
		<bndbox>
			<xmin>778</xmin>
			<ymin>213</ymin>
			<xmax>943</xmax>
			<ymax>629</ymax>
		</bndbox>
	</object>
	<object>
		<name>persona</name>
		<pose>Unspecified</pose>
		<truncated>0</truncated>
		<difficult>0</difficult>
		<bndbox>
			<xmin>382</xmin>
			<ymin>283</ymin>
			<xmax>491</xmax>
			<ymax>595</ymax>
		</bndbox>
	</object>
</annotation>
