<annotation>
	<folder>train</folder>
	<filename>grupo-de-personas-que-va-fiesta-junto-125642418.jpg</filename>
	<path>C:\tensorflow1\models\research\object_detection\images\train\grupo-de-personas-que-va-fiesta-junto-125642418.jpg</path>
	<source>
		<database>Unknown</database>
	</source>
	<size>
		<width>400</width>
		<height>289</height>
		<depth>3</depth>
	</size>
	<segmented>0</segmented>
	<object>
		<name>persona</name>
		<pose>Unspecified</pose>
		<truncated>0</truncated>
		<difficult>0</difficult>
		<bndbox>
			<xmin>52</xmin>
			<ymin>58</ymin>
			<xmax>146</xmax>
			<ymax>277</ymax>
		</bndbox>
	</object>
	<object>
		<name>persona</name>
		<pose>Unspecified</pose>
		<truncated>0</truncated>
		<difficult>0</difficult>
		<bndbox>
			<xmin>100</xmin>
			<ymin>33</ymin>
			<xmax>182</xmax>
			<ymax>268</ymax>
		</bndbox>
	</object>
	<object>
		<name>persona</name>
		<pose>Unspecified</pose>
		<truncated>0</truncated>
		<difficult>0</difficult>
		<bndbox>
			<xmin>156</xmin>
			<ymin>59</ymin>
			<xmax>222</xmax>
			<ymax>269</ymax>
		</bndbox>
	</object>
	<object>
		<name>persona</name>
		<pose>Unspecified</pose>
		<truncated>0</truncated>
		<difficult>0</difficult>
		<bndbox>
			<xmin>191</xmin>
			<ymin>48</ymin>
			<xmax>269</xmax>
			<ymax>264</ymax>
		</bndbox>
	</object>
	<object>
		<name>persona</name>
		<pose>Unspecified</pose>
		<truncated>0</truncated>
		<difficult>0</difficult>
		<bndbox>
			<xmin>237</xmin>
			<ymin>34</ymin>
			<xmax>333</xmax>
			<ymax>274</ymax>
		</bndbox>
	</object>
</annotation>
