<annotation>
	<folder>train</folder>
	<filename>grupo-personas-integrantes-movimiento-acudieron.jpg</filename>
	<path>C:\tensorflow1\models\research\object_detection\images\train\grupo-personas-integrantes-movimiento-acudieron.jpg</path>
	<source>
		<database>Unknown</database>
	</source>
	<size>
		<width>320</width>
		<height>213</height>
		<depth>3</depth>
	</size>
	<segmented>0</segmented>
	<object>
		<name>persona</name>
		<pose>Unspecified</pose>
		<truncated>1</truncated>
		<difficult>0</difficult>
		<bndbox>
			<xmin>13</xmin>
			<ymin>56</ymin>
			<xmax>83</xmax>
			<ymax>213</ymax>
		</bndbox>
	</object>
	<object>
		<name>persona</name>
		<pose>Unspecified</pose>
		<truncated>0</truncated>
		<difficult>0</difficult>
		<bndbox>
			<xmin>112</xmin>
			<ymin>59</ymin>
			<xmax>170</xmax>
			<ymax>212</ymax>
		</bndbox>
	</object>
	<object>
		<name>persona</name>
		<pose>Unspecified</pose>
		<truncated>1</truncated>
		<difficult>0</difficult>
		<bndbox>
			<xmin>154</xmin>
			<ymin>51</ymin>
			<xmax>214</xmax>
			<ymax>213</ymax>
		</bndbox>
	</object>
	<object>
		<name>persona</name>
		<pose>Unspecified</pose>
		<truncated>1</truncated>
		<difficult>0</difficult>
		<bndbox>
			<xmin>239</xmin>
			<ymin>48</ymin>
			<xmax>303</xmax>
			<ymax>213</ymax>
		</bndbox>
	</object>
	<object>
		<name>persona</name>
		<pose>Unspecified</pose>
		<truncated>0</truncated>
		<difficult>0</difficult>
		<bndbox>
			<xmin>239</xmin>
			<ymin>40</ymin>
			<xmax>256</xmax>
			<ymax>74</ymax>
		</bndbox>
	</object>
</annotation>
