<annotation>
	<folder>train</folder>
	<filename>gsdsdgs.jpg</filename>
	<path>C:\tensorflow1\models\research\object_detection\images\train\gsdsdgs.jpg</path>
	<source>
		<database>Unknown</database>
	</source>
	<size>
		<width>256</width>
		<height>205</height>
		<depth>3</depth>
	</size>
	<segmented>0</segmented>
	<object>
		<name>persona</name>
		<pose>Unspecified</pose>
		<truncated>0</truncated>
		<difficult>0</difficult>
		<bndbox>
			<xmin>36</xmin>
			<ymin>30</ymin>
			<xmax>141</xmax>
			<ymax>184</ymax>
		</bndbox>
	</object>
</annotation>
