<annotation>
	<folder>train</folder>
	<filename>hasta-la-v.jpg</filename>
	<path>C:\tensorflow1\models\research\object_detection\images\train\hasta-la-v.jpg</path>
	<source>
		<database>Unknown</database>
	</source>
	<size>
		<width>75</width>
		<height>112</height>
		<depth>3</depth>
	</size>
	<segmented>0</segmented>
	<object>
		<name>persona</name>
		<pose>Unspecified</pose>
		<truncated>0</truncated>
		<difficult>0</difficult>
		<bndbox>
			<xmin>19</xmin>
			<ymin>14</ymin>
			<xmax>59</xmax>
			<ymax>110</ymax>
		</bndbox>
	</object>
	<object>
		<name>persona</name>
		<pose>Unspecified</pose>
		<truncated>1</truncated>
		<difficult>0</difficult>
		<bndbox>
			<xmin>1</xmin>
			<ymin>11</ymin>
			<xmax>28</xmax>
			<ymax>93</ymax>
		</bndbox>
	</object>
</annotation>
