<annotation>
	<folder>train</folder>
	<filename>hiking-on-crutches-683x1024.jpg</filename>
	<path>C:\tensorflow1\models\research\object_detection\images\train\hiking-on-crutches-683x1024.jpg</path>
	<source>
		<database>Unknown</database>
	</source>
	<size>
		<width>171</width>
		<height>256</height>
		<depth>3</depth>
	</size>
	<segmented>0</segmented>
	<object>
		<name>persona</name>
		<pose>Unspecified</pose>
		<truncated>0</truncated>
		<difficult>0</difficult>
		<bndbox>
			<xmin>63</xmin>
			<ymin>72</ymin>
			<xmax>116</xmax>
			<ymax>215</ymax>
		</bndbox>
	</object>
</annotation>
