<annotation>
	<folder>train</folder>
	<filename>hombre-mascarilla.jpg</filename>
	<path>C:\tensorflow1\models\research\object_detection\images\train\hombre-mascarilla.jpg</path>
	<source>
		<database>Unknown</database>
	</source>
	<size>
		<width>300</width>
		<height>200</height>
		<depth>3</depth>
	</size>
	<segmented>0</segmented>
	<object>
		<name>persona</name>
		<pose>Unspecified</pose>
		<truncated>0</truncated>
		<difficult>0</difficult>
		<bndbox>
			<xmin>73</xmin>
			<ymin>10</ymin>
			<xmax>161</xmax>
			<ymax>199</ymax>
		</bndbox>
	</object>
</annotation>
