<annotation>
	<folder>train</folder>
	<filename>hqdefault.jpg</filename>
	<path>C:\tensorflow1\models\research\object_detection\images\train\hqdefault.jpg</path>
	<source>
		<database>Unknown</database>
	</source>
	<size>
		<width>120</width>
		<height>90</height>
		<depth>3</depth>
	</size>
	<segmented>0</segmented>
	<object>
		<name>persona</name>
		<pose>Unspecified</pose>
		<truncated>0</truncated>
		<difficult>0</difficult>
		<bndbox>
			<xmin>60</xmin>
			<ymin>23</ymin>
			<xmax>89</xmax>
			<ymax>80</ymax>
		</bndbox>
	</object>
	<object>
		<name>auto</name>
		<pose>Unspecified</pose>
		<truncated>0</truncated>
		<difficult>0</difficult>
		<bndbox>
			<xmin>11</xmin>
			<ymin>27</ymin>
			<xmax>76</xmax>
			<ymax>66</ymax>
		</bndbox>
	</object>
</annotation>
