<annotation>
	<folder>train</folder>
	<filename>i15906192.jpg</filename>
	<path>C:\tensorflow1\models\research\object_detection\images\train\i15906192.jpg</path>
	<source>
		<database>Unknown</database>
	</source>
	<size>
		<width>80</width>
		<height>60</height>
		<depth>3</depth>
	</size>
	<segmented>0</segmented>
	<object>
		<name>auto</name>
		<pose>Unspecified</pose>
		<truncated>0</truncated>
		<difficult>0</difficult>
		<bndbox>
			<xmin>4</xmin>
			<ymin>10</ymin>
			<xmax>73</xmax>
			<ymax>53</ymax>
		</bndbox>
	</object>
</annotation>
