<annotation>
	<folder>train</folder>
	<filename>i1666753531.jpg</filename>
	<path>C:\tensorflow1\models\research\object_detection\images\train\i1666753531.jpg</path>
	<source>
		<database>Unknown</database>
	</source>
	<size>
		<width>80</width>
		<height>60</height>
		<depth>3</depth>
	</size>
	<segmented>0</segmented>
	<object>
		<name>auto</name>
		<pose>Unspecified</pose>
		<truncated>0</truncated>
		<difficult>0</difficult>
		<bndbox>
			<xmin>9</xmin>
			<ymin>5</ymin>
			<xmax>71</xmax>
			<ymax>51</ymax>
		</bndbox>
	</object>
</annotation>
