<annotation>
	<folder>train</folder>
	<filename>images (2).jpg</filename>
	<path>C:\tensorflow1\models\research\object_detection\images\train\images (2).jpg</path>
	<source>
		<database>Unknown</database>
	</source>
	<size>
		<width>74</width>
		<height>43</height>
		<depth>3</depth>
	</size>
	<segmented>0</segmented>
	<object>
		<name>auto</name>
		<pose>Unspecified</pose>
		<truncated>0</truncated>
		<difficult>0</difficult>
		<bndbox>
			<xmin>3</xmin>
			<ymin>14</ymin>
			<xmax>52</xmax>
			<ymax>41</ymax>
		</bndbox>
	</object>
</annotation>
