<annotation>
	<folder>train</folder>
	<filename>IMAG1245.jpg</filename>
	<path>C:\tensorflow1\models\research\object_detection\images\train\IMAG1245.jpg</path>
	<source>
		<database>Unknown</database>
	</source>
	<size>
		<width>68</width>
		<height>119</height>
		<depth>3</depth>
	</size>
	<segmented>0</segmented>
	<object>
		<name>persona</name>
		<pose>Unspecified</pose>
		<truncated>0</truncated>
		<difficult>0</difficult>
		<bndbox>
			<xmin>16</xmin>
			<ymin>32</ymin>
			<xmax>36</xmax>
			<ymax>87</ymax>
		</bndbox>
	</object>
</annotation>
