<annotation>
	<folder>train</folder>
	<filename>image-11.jpg</filename>
	<path>C:\tensorflow1\models\research\object_detection\images\train\image-11.jpg</path>
	<source>
		<database>Unknown</database>
	</source>
	<size>
		<width>200</width>
		<height>131</height>
		<depth>3</depth>
	</size>
	<segmented>0</segmented>
	<object>
		<name>persona</name>
		<pose>Unspecified</pose>
		<truncated>1</truncated>
		<difficult>0</difficult>
		<bndbox>
			<xmin>1</xmin>
			<ymin>15</ymin>
			<xmax>33</xmax>
			<ymax>131</ymax>
		</bndbox>
	</object>
	<object>
		<name>persona</name>
		<pose>Unspecified</pose>
		<truncated>1</truncated>
		<difficult>0</difficult>
		<bndbox>
			<xmin>51</xmin>
			<ymin>13</ymin>
			<xmax>134</xmax>
			<ymax>131</ymax>
		</bndbox>
	</object>
</annotation>
