<annotation>
	<folder>train</folder>
	<filename>image-from-ios-2_11.jpg</filename>
	<path>C:\tensorflow1\models\research\object_detection\images\train\image-from-ios-2_11.jpg</path>
	<source>
		<database>Unknown</database>
	</source>
	<size>
		<width>600</width>
		<height>400</height>
		<depth>3</depth>
	</size>
	<segmented>0</segmented>
	<object>
		<name>auto</name>
		<pose>Unspecified</pose>
		<truncated>0</truncated>
		<difficult>0</difficult>
		<bndbox>
			<xmin>42</xmin>
			<ymin>31</ymin>
			<xmax>539</xmax>
			<ymax>381</ymax>
		</bndbox>
	</object>
	<object>
		<name>persona</name>
		<pose>Unspecified</pose>
		<truncated>0</truncated>
		<difficult>0</difficult>
		<bndbox>
			<xmin>502</xmin>
			<ymin>14</ymin>
			<xmax>581</xmax>
			<ymax>258</ymax>
		</bndbox>
	</object>
	<object>
		<name>persona</name>
		<pose>Unspecified</pose>
		<truncated>1</truncated>
		<difficult>0</difficult>
		<bndbox>
			<xmin>360</xmin>
			<ymin>1</ymin>
			<xmax>446</xmax>
			<ymax>115</ymax>
		</bndbox>
	</object>
</annotation>
