<annotation>
	<folder>train</folder>
	<filename>images (1).jpg</filename>
	<path>C:\tensorflow1\models\research\object_detection\images\train\images (1).jpg</path>
	<source>
		<database>Unknown</database>
	</source>
	<size>
		<width>65</width>
		<height>48</height>
		<depth>3</depth>
	</size>
	<segmented>0</segmented>
	<object>
		<name>auto</name>
		<pose>Unspecified</pose>
		<truncated>0</truncated>
		<difficult>0</difficult>
		<bndbox>
			<xmin>6</xmin>
			<ymin>17</ymin>
			<xmax>32</xmax>
			<ymax>38</ymax>
		</bndbox>
	</object>
</annotation>
