<annotation>
	<folder>train</folder>
	<filename>images.jpg</filename>
	<path>C:\tensorflow1\models\research\object_detection\images\train\images.jpg</path>
	<source>
		<database>Unknown</database>
	</source>
	<size>
		<width>69</width>
		<height>46</height>
		<depth>3</depth>
	</size>
	<segmented>0</segmented>
	<object>
		<name>persona</name>
		<pose>Unspecified</pose>
		<truncated>0</truncated>
		<difficult>0</difficult>
		<bndbox>
			<xmin>27</xmin>
			<ymin>19</ymin>
			<xmax>45</xmax>
			<ymax>39</ymax>
		</bndbox>
	</object>
	<object>
		<name>auto</name>
		<pose>Unspecified</pose>
		<truncated>0</truncated>
		<difficult>0</difficult>
		<bndbox>
			<xmin>2</xmin>
			<ymin>21</ymin>
			<xmax>32</xmax>
			<ymax>39</ymax>
		</bndbox>
	</object>
	<object>
		<name>auto</name>
		<pose>Unspecified</pose>
		<truncated>0</truncated>
		<difficult>0</difficult>
		<bndbox>
			<xmin>38</xmin>
			<ymin>21</ymin>
			<xmax>67</xmax>
			<ymax>40</ymax>
		</bndbox>
	</object>
</annotation>
