<annotation>
	<folder>train</folder>
	<filename>IMG_3773-e1579731941680-225x300.jpg</filename>
	<path>C:\tensorflow1\models\research\object_detection\images\train\IMG_3773-e1579731941680-225x300.jpg</path>
	<source>
		<database>Unknown</database>
	</source>
	<size>
		<width>56</width>
		<height>75</height>
		<depth>3</depth>
	</size>
	<segmented>0</segmented>
	<object>
		<name>persona</name>
		<pose>Unspecified</pose>
		<truncated>1</truncated>
		<difficult>0</difficult>
		<bndbox>
			<xmin>13</xmin>
			<ymin>11</ymin>
			<xmax>35</xmax>
			<ymax>75</ymax>
		</bndbox>
	</object>
</annotation>
