<annotation>
	<folder>train</folder>
	<filename>IMG_20180310_092213557_BURST000_COVER-768x1024.jpg</filename>
	<path>C:\tensorflow1\models\research\object_detection\images\train\IMG_20180310_092213557_BURST000_COVER-768x1024.jpg</path>
	<source>
		<database>Unknown</database>
	</source>
	<size>
		<width>192</width>
		<height>256</height>
		<depth>3</depth>
	</size>
	<segmented>0</segmented>
	<object>
		<name>persona</name>
		<pose>Unspecified</pose>
		<truncated>0</truncated>
		<difficult>0</difficult>
		<bndbox>
			<xmin>94</xmin>
			<ymin>22</ymin>
			<xmax>145</xmax>
			<ymax>169</ymax>
		</bndbox>
	</object>
</annotation>
