<annotation>
	<folder>train</folder>
	<filename>IMG_2322.jpg</filename>
	<path>C:\tensorflow1\models\research\object_detection\images\train\IMG_2322.jpg</path>
	<source>
		<database>Unknown</database>
	</source>
	<size>
		<width>756</width>
		<height>1008</height>
		<depth>3</depth>
	</size>
	<segmented>0</segmented>
	<object>
		<name>persona</name>
		<pose>Unspecified</pose>
		<truncated>0</truncated>
		<difficult>0</difficult>
		<bndbox>
			<xmin>150</xmin>
			<ymin>363</ymin>
			<xmax>372</xmax>
			<ymax>887</ymax>
		</bndbox>
	</object>
	<object>
		<name>persona</name>
		<pose>Unspecified</pose>
		<truncated>0</truncated>
		<difficult>0</difficult>
		<bndbox>
			<xmin>377</xmin>
			<ymin>388</ymin>
			<xmax>552</xmax>
			<ymax>879</ymax>
		</bndbox>
	</object>
</annotation>
