<annotation>
	<folder>train</folder>
	<filename>inca_trail_cusco_machu_picchu_peru_22.jpg</filename>
	<path>C:\tensorflow1\models\research\object_detection\images\train\inca_trail_cusco_machu_picchu_peru_22.jpg</path>
	<source>
		<database>Unknown</database>
	</source>
	<size>
		<width>525</width>
		<height>350</height>
		<depth>3</depth>
	</size>
	<segmented>0</segmented>
	<object>
		<name>persona</name>
		<pose>Unspecified</pose>
		<truncated>0</truncated>
		<difficult>0</difficult>
		<bndbox>
			<xmin>156</xmin>
			<ymin>169</ymin>
			<xmax>188</xmax>
			<ymax>237</ymax>
		</bndbox>
	</object>
	<object>
		<name>persona</name>
		<pose>Unspecified</pose>
		<truncated>0</truncated>
		<difficult>0</difficult>
		<bndbox>
			<xmin>229</xmin>
			<ymin>155</ymin>
			<xmax>298</xmax>
			<ymax>316</ymax>
		</bndbox>
	</object>
	<object>
		<name>persona</name>
		<pose>Unspecified</pose>
		<truncated>1</truncated>
		<difficult>0</difficult>
		<bndbox>
			<xmin>298</xmin>
			<ymin>133</ymin>
			<xmax>409</xmax>
			<ymax>350</ymax>
		</bndbox>
	</object>
	<object>
		<name>persona</name>
		<pose>Unspecified</pose>
		<truncated>0</truncated>
		<difficult>0</difficult>
		<bndbox>
			<xmin>142</xmin>
			<ymin>166</ymin>
			<xmax>164</xmax>
			<ymax>226</ymax>
		</bndbox>
	</object>
</annotation>
