<annotation>
	<folder>train</folder>
	<filename>jyyjytkd.jpg</filename>
	<path>C:\tensorflow1\models\research\object_detection\images\train\jyyjytkd.jpg</path>
	<source>
		<database>Unknown</database>
	</source>
	<size>
		<width>262</width>
		<height>262</height>
		<depth>3</depth>
	</size>
	<segmented>0</segmented>
	<object>
		<name>persona</name>
		<pose>Unspecified</pose>
		<truncated>1</truncated>
		<difficult>0</difficult>
		<bndbox>
			<xmin>66</xmin>
			<ymin>3</ymin>
			<xmax>195</xmax>
			<ymax>262</ymax>
		</bndbox>
	</object>
</annotation>
