<annotation>
	<folder>train</folder>
	<filename>lali-5.jpg</filename>
	<path>C:\tensorflow1\models\research\object_detection\images\train\lali-5.jpg</path>
	<source>
		<database>Unknown</database>
	</source>
	<size>
		<width>259</width>
		<height>167</height>
		<depth>3</depth>
	</size>
	<segmented>0</segmented>
	<object>
		<name>persona</name>
		<pose>Unspecified</pose>
		<truncated>0</truncated>
		<difficult>0</difficult>
		<bndbox>
			<xmin>97</xmin>
			<ymin>75</ymin>
			<xmax>121</xmax>
			<ymax>150</ymax>
		</bndbox>
	</object>
	<object>
		<name>auto</name>
		<pose>Unspecified</pose>
		<truncated>0</truncated>
		<difficult>0</difficult>
		<bndbox>
			<xmin>14</xmin>
			<ymin>80</ymin>
			<xmax>152</xmax>
			<ymax>147</ymax>
		</bndbox>
	</object>
</annotation>
