<annotation>
	<folder>train</folder>
	<filename>limpiando-un-pequeno-Tesla.jpg</filename>
	<path>C:\tensorflow1\models\research\object_detection\images\train\limpiando-un-pequeno-Tesla.jpg</path>
	<source>
		<database>Unknown</database>
	</source>
	<size>
		<width>180</width>
		<height>135</height>
		<depth>3</depth>
	</size>
	<segmented>0</segmented>
	<object>
		<name>auto</name>
		<pose>Unspecified</pose>
		<truncated>0</truncated>
		<difficult>0</difficult>
		<bndbox>
			<xmin>11</xmin>
			<ymin>16</ymin>
			<xmax>105</xmax>
			<ymax>73</ymax>
		</bndbox>
	</object>
	<object>
		<name>auto</name>
		<pose>Unspecified</pose>
		<truncated>0</truncated>
		<difficult>0</difficult>
		<bndbox>
			<xmin>106</xmin>
			<ymin>59</ymin>
			<xmax>166</xmax>
			<ymax>119</ymax>
		</bndbox>
	</object>
</annotation>
