<annotation>
	<folder>train</folder>
	<filename>matar-picadas-homicidio-1024x503.jpg</filename>
	<path>C:\tensorflow1\models\research\object_detection\images\train\matar-picadas-homicidio-1024x503.jpg</path>
	<source>
		<database>Unknown</database>
	</source>
	<size>
		<width>256</width>
		<height>126</height>
		<depth>1</depth>
	</size>
	<segmented>0</segmented>
	<object>
		<name>auto</name>
		<pose>Unspecified</pose>
		<truncated>0</truncated>
		<difficult>0</difficult>
		<bndbox>
			<xmin>8</xmin>
			<ymin>49</ymin>
			<xmax>120</xmax>
			<ymax>117</ymax>
		</bndbox>
	</object>
	<object>
		<name>auto</name>
		<pose>Unspecified</pose>
		<truncated>0</truncated>
		<difficult>0</difficult>
		<bndbox>
			<xmin>130</xmin>
			<ymin>32</ymin>
			<xmax>190</xmax>
			<ymax>60</ymax>
		</bndbox>
	</object>
</annotation>
