<annotation>
	<folder>train</folder>
	<filename>maxresdefault.jpg</filename>
	<path>C:\tensorflow1\models\research\object_detection\images\train\maxresdefault.jpg</path>
	<source>
		<database>Unknown</database>
	</source>
	<size>
		<width>320</width>
		<height>180</height>
		<depth>3</depth>
	</size>
	<segmented>0</segmented>
	<object>
		<name>auto</name>
		<pose>Unspecified</pose>
		<truncated>0</truncated>
		<difficult>0</difficult>
		<bndbox>
			<xmin>44</xmin>
			<ymin>78</ymin>
			<xmax>207</xmax>
			<ymax>173</ymax>
		</bndbox>
	</object>
	<object>
		<name>persona</name>
		<pose>Unspecified</pose>
		<truncated>0</truncated>
		<difficult>0</difficult>
		<bndbox>
			<xmin>202</xmin>
			<ymin>65</ymin>
			<xmax>255</xmax>
			<ymax>171</ymax>
		</bndbox>
	</object>
</annotation>
