<annotation>
	<folder>train</folder>
	<filename>medium.jpg</filename>
	<path>C:\tensorflow1\models\research\object_detection\images\train\medium.jpg</path>
	<source>
		<database>Unknown</database>
	</source>
	<size>
		<width>137</width>
		<height>150</height>
		<depth>3</depth>
	</size>
	<segmented>0</segmented>
	<object>
		<name>persona</name>
		<pose>Unspecified</pose>
		<truncated>1</truncated>
		<difficult>0</difficult>
		<bndbox>
			<xmin>1</xmin>
			<ymin>19</ymin>
			<xmax>46</xmax>
			<ymax>149</ymax>
		</bndbox>
	</object>
	<object>
		<name>persona</name>
		<pose>Unspecified</pose>
		<truncated>0</truncated>
		<difficult>0</difficult>
		<bndbox>
			<xmin>21</xmin>
			<ymin>13</ymin>
			<xmax>52</xmax>
			<ymax>95</ymax>
		</bndbox>
	</object>
	<object>
		<name>persona</name>
		<pose>Unspecified</pose>
		<truncated>1</truncated>
		<difficult>0</difficult>
		<bndbox>
			<xmin>92</xmin>
			<ymin>9</ymin>
			<xmax>137</xmax>
			<ymax>96</ymax>
		</bndbox>
	</object>
</annotation>
