<annotation>
	<folder>train</folder>
	<filename>men-tactical-flight-jackets-outdoor-waterproof.jpg</filename>
	<path>C:\tensorflow1\models\research\object_detection\images\train\men-tactical-flight-jackets-outdoor-waterproof.jpg</path>
	<source>
		<database>Unknown</database>
	</source>
	<size>
		<width>200</width>
		<height>200</height>
		<depth>3</depth>
	</size>
	<segmented>0</segmented>
	<object>
		<name>persona</name>
		<pose>Unspecified</pose>
		<truncated>1</truncated>
		<difficult>0</difficult>
		<bndbox>
			<xmin>33</xmin>
			<ymin>2</ymin>
			<xmax>167</xmax>
			<ymax>200</ymax>
		</bndbox>
	</object>
</annotation>
