<annotation>
	<folder>train</folder>
	<filename>metro_51950219.jpg</filename>
	<path>C:\tensorflow1\models\research\object_detection\images\train\metro_51950219.jpg</path>
	<source>
		<database>Unknown</database>
	</source>
	<size>
		<width>152</width>
		<height>150</height>
		<depth>3</depth>
	</size>
	<segmented>0</segmented>
	<object>
		<name>persona</name>
		<pose>Unspecified</pose>
		<truncated>0</truncated>
		<difficult>0</difficult>
		<bndbox>
			<xmin>38</xmin>
			<ymin>35</ymin>
			<xmax>64</xmax>
			<ymax>100</ymax>
		</bndbox>
	</object>
	<object>
		<name>persona</name>
		<pose>Unspecified</pose>
		<truncated>0</truncated>
		<difficult>0</difficult>
		<bndbox>
			<xmin>79</xmin>
			<ymin>28</ymin>
			<xmax>108</xmax>
			<ymax>130</ymax>
		</bndbox>
	</object>
	<object>
		<name>persona</name>
		<pose>Unspecified</pose>
		<truncated>0</truncated>
		<difficult>0</difficult>
		<bndbox>
			<xmin>93</xmin>
			<ymin>19</ymin>
			<xmax>141</xmax>
			<ymax>149</ymax>
		</bndbox>
	</object>
	<object>
		<name>persona</name>
		<pose>Unspecified</pose>
		<truncated>0</truncated>
		<difficult>0</difficult>
		<bndbox>
			<xmin>63</xmin>
			<ymin>26</ymin>
			<xmax>88</xmax>
			<ymax>106</ymax>
		</bndbox>
	</object>
</annotation>
