<annotation>
	<folder>train</folder>
	<filename>mqdefault.jpg</filename>
	<path>C:\tensorflow1\models\research\object_detection\images\train\mqdefault.jpg</path>
	<source>
		<database>Unknown</database>
	</source>
	<size>
		<width>80</width>
		<height>45</height>
		<depth>3</depth>
	</size>
	<segmented>0</segmented>
	<object>
		<name>auto</name>
		<pose>Unspecified</pose>
		<truncated>1</truncated>
		<difficult>0</difficult>
		<bndbox>
			<xmin>2</xmin>
			<ymin>23</ymin>
			<xmax>59</xmax>
			<ymax>45</ymax>
		</bndbox>
	</object>
	<object>
		<name>auto</name>
		<pose>Unspecified</pose>
		<truncated>0</truncated>
		<difficult>0</difficult>
		<bndbox>
			<xmin>43</xmin>
			<ymin>23</ymin>
			<xmax>70</xmax>
			<ymax>43</ymax>
		</bndbox>
	</object>
</annotation>
