<annotation>
	<folder>train</folder>
	<filename>Nabila-TWD-PAD.jpg</filename>
	<path>C:\tensorflow1\models\research\object_detection\images\train\Nabila-TWD-PAD.jpg</path>
	<source>
		<database>Unknown</database>
	</source>
	<size>
		<width>175</width>
		<height>311</height>
		<depth>3</depth>
	</size>
	<segmented>0</segmented>
	<object>
		<name>persona</name>
		<pose>Unspecified</pose>
		<truncated>0</truncated>
		<difficult>0</difficult>
		<bndbox>
			<xmin>53</xmin>
			<ymin>67</ymin>
			<xmax>137</xmax>
			<ymax>260</ymax>
		</bndbox>
	</object>
	<object>
		<name>persona</name>
		<pose>Unspecified</pose>
		<truncated>1</truncated>
		<difficult>0</difficult>
		<bndbox>
			<xmin>139</xmin>
			<ymin>58</ymin>
			<xmax>175</xmax>
			<ymax>190</ymax>
		</bndbox>
	</object>
	<object>
		<name>persona</name>
		<pose>Unspecified</pose>
		<truncated>0</truncated>
		<difficult>0</difficult>
		<bndbox>
			<xmin>31</xmin>
			<ymin>77</ymin>
			<xmax>59</xmax>
			<ymax>150</ymax>
		</bndbox>
	</object>
</annotation>
