<annotation>
	<folder>train</folder>
	<filename>NAZ_d1a62ad97cf140c583a405732c5f7472.jpg</filename>
	<path>C:\tensorflow1\models\research\object_detection\images\train\NAZ_d1a62ad97cf140c583a405732c5f7472.jpg</path>
	<source>
		<database>Unknown</database>
	</source>
	<size>
		<width>200</width>
		<height>150</height>
		<depth>3</depth>
	</size>
	<segmented>0</segmented>
	<object>
		<name>auto</name>
		<pose>Unspecified</pose>
		<truncated>0</truncated>
		<difficult>0</difficult>
		<bndbox>
			<xmin>4</xmin>
			<ymin>72</ymin>
			<xmax>68</xmax>
			<ymax>124</ymax>
		</bndbox>
	</object>
	<object>
		<name>auto</name>
		<pose>Unspecified</pose>
		<truncated>0</truncated>
		<difficult>0</difficult>
		<bndbox>
			<xmin>127</xmin>
			<ymin>69</ymin>
			<xmax>196</xmax>
			<ymax>117</ymax>
		</bndbox>
	</object>
	<object>
		<name>auto</name>
		<pose>Unspecified</pose>
		<truncated>0</truncated>
		<difficult>0</difficult>
		<bndbox>
			<xmin>39</xmin>
			<ymin>61</ymin>
			<xmax>69</xmax>
			<ymax>85</ymax>
		</bndbox>
	</object>
	<object>
		<name>auto</name>
		<pose>Unspecified</pose>
		<truncated>0</truncated>
		<difficult>0</difficult>
		<bndbox>
			<xmin>72</xmin>
			<ymin>61</ymin>
			<xmax>90</xmax>
			<ymax>76</ymax>
		</bndbox>
	</object>
	<object>
		<name>auto</name>
		<pose>Unspecified</pose>
		<truncated>0</truncated>
		<difficult>0</difficult>
		<bndbox>
			<xmin>95</xmin>
			<ymin>61</ymin>
			<xmax>113</xmax>
			<ymax>77</ymax>
		</bndbox>
	</object>
	<object>
		<name>auto</name>
		<pose>Unspecified</pose>
		<truncated>0</truncated>
		<difficult>0</difficult>
		<bndbox>
			<xmin>114</xmin>
			<ymin>60</ymin>
			<xmax>147</xmax>
			<ymax>86</ymax>
		</bndbox>
	</object>
</annotation>
