<annotation>
	<folder>train</folder>
	<filename>NUEVOBORA2.jpg</filename>
	<path>C:\tensorflow1\models\research\object_detection\images\train\NUEVOBORA2.jpg</path>
	<source>
		<database>Unknown</database>
	</source>
	<size>
		<width>100</width>
		<height>98</height>
		<depth>3</depth>
	</size>
	<segmented>0</segmented>
	<object>
		<name>auto</name>
		<pose>Unspecified</pose>
		<truncated>0</truncated>
		<difficult>0</difficult>
		<bndbox>
			<xmin>5</xmin>
			<ymin>3</ymin>
			<xmax>98</xmax>
			<ymax>51</ymax>
		</bndbox>
	</object>
	<object>
		<name>auto</name>
		<pose>Unspecified</pose>
		<truncated>0</truncated>
		<difficult>0</difficult>
		<bndbox>
			<xmin>6</xmin>
			<ymin>54</ymin>
			<xmax>92</xmax>
			<ymax>97</ymax>
		</bndbox>
	</object>
</annotation>
