<annotation>
	<folder>train</folder>
	<filename>nuevo-chevrolet-onix-778845.jpg</filename>
	<path>C:\tensorflow1\models\research\object_detection\images\train\nuevo-chevrolet-onix-778845.jpg</path>
	<source>
		<database>Unknown</database>
	</source>
	<size>
		<width>320</width>
		<height>180</height>
		<depth>3</depth>
	</size>
	<segmented>0</segmented>
	<object>
		<name>auto</name>
		<pose>Unspecified</pose>
		<truncated>0</truncated>
		<difficult>0</difficult>
		<bndbox>
			<xmin>14</xmin>
			<ymin>87</ymin>
			<xmax>153</xmax>
			<ymax>162</ymax>
		</bndbox>
	</object>
	<object>
		<name>auto</name>
		<pose>Unspecified</pose>
		<truncated>0</truncated>
		<difficult>0</difficult>
		<bndbox>
			<xmin>152</xmin>
			<ymin>86</ymin>
			<xmax>308</xmax>
			<ymax>159</ymax>
		</bndbox>
	</object>
</annotation>
