<annotation>
	<folder>train</folder>
	<filename>o_1586867598.jpg</filename>
	<path>C:\tensorflow1\models\research\object_detection\images\train\o_1586867598.jpg</path>
	<source>
		<database>Unknown</database>
	</source>
	<size>
		<width>200</width>
		<height>112</height>
		<depth>3</depth>
	</size>
	<segmented>0</segmented>
	<object>
		<name>auto</name>
		<pose>Unspecified</pose>
		<truncated>0</truncated>
		<difficult>0</difficult>
		<bndbox>
			<xmin>49</xmin>
			<ymin>35</ymin>
			<xmax>120</xmax>
			<ymax>74</ymax>
		</bndbox>
	</object>
	<object>
		<name>persona</name>
		<pose>Unspecified</pose>
		<truncated>0</truncated>
		<difficult>0</difficult>
		<bndbox>
			<xmin>18</xmin>
			<ymin>23</ymin>
			<xmax>52</xmax>
			<ymax>103</ymax>
		</bndbox>
	</object>
	<object>
		<name>persona</name>
		<pose>Unspecified</pose>
		<truncated>1</truncated>
		<difficult>0</difficult>
		<bndbox>
			<xmin>121</xmin>
			<ymin>29</ymin>
			<xmax>151</xmax>
			<ymax>112</ymax>
		</bndbox>
	</object>
	<object>
		<name>persona</name>
		<pose>Unspecified</pose>
		<truncated>0</truncated>
		<difficult>0</difficult>
		<bndbox>
			<xmin>141</xmin>
			<ymin>22</ymin>
			<xmax>173</xmax>
			<ymax>79</ymax>
		</bndbox>
	</object>
</annotation>
