<annotation>
	<folder>train</folder>
	<filename>onix01_0.jpg</filename>
	<path>C:\tensorflow1\models\research\object_detection\images\train\onix01_0.jpg</path>
	<source>
		<database>Unknown</database>
	</source>
	<size>
		<width>225</width>
		<height>175</height>
		<depth>3</depth>
	</size>
	<segmented>0</segmented>
	<object>
		<name>auto</name>
		<pose>Unspecified</pose>
		<truncated>0</truncated>
		<difficult>0</difficult>
		<bndbox>
			<xmin>24</xmin>
			<ymin>36</ymin>
			<xmax>181</xmax>
			<ymax>147</ymax>
		</bndbox>
	</object>
</annotation>
