<annotation>
	<folder>train</folder>
	<filename>Opel_Astra_OPC_vs_Renault_Megane_RS_EVO_011.jpg</filename>
	<path>C:\tensorflow1\models\research\object_detection\images\train\Opel_Astra_OPC_vs_Renault_Megane_RS_EVO_011.jpg</path>
	<source>
		<database>Unknown</database>
	</source>
	<size>
		<width>150</width>
		<height>76</height>
		<depth>3</depth>
	</size>
	<segmented>0</segmented>
	<object>
		<name>auto</name>
		<pose>Unspecified</pose>
		<truncated>0</truncated>
		<difficult>0</difficult>
		<bndbox>
			<xmin>3</xmin>
			<ymin>28</ymin>
			<xmax>83</xmax>
			<ymax>71</ymax>
		</bndbox>
	</object>
	<object>
		<name>auto</name>
		<pose>Unspecified</pose>
		<truncated>0</truncated>
		<difficult>0</difficult>
		<bndbox>
			<xmin>98</xmin>
			<ymin>23</ymin>
			<xmax>149</xmax>
			<ymax>51</ymax>
		</bndbox>
	</object>
	<object>
		<name>persona</name>
		<pose>Unspecified</pose>
		<truncated>0</truncated>
		<difficult>0</difficult>
		<bndbox>
			<xmin>78</xmin>
			<ymin>19</ymin>
			<xmax>95</xmax>
			<ymax>65</ymax>
		</bndbox>
	</object>
</annotation>
