<annotation>
	<folder>train</folder>
	<filename>opelastra2015.jpg</filename>
	<path>C:\tensorflow1\models\research\object_detection\images\train\opelastra2015.jpg</path>
	<source>
		<database>Unknown</database>
	</source>
	<size>
		<width>160</width>
		<height>84</height>
		<depth>3</depth>
	</size>
	<segmented>0</segmented>
	<object>
		<name>auto</name>
		<pose>Unspecified</pose>
		<truncated>0</truncated>
		<difficult>0</difficult>
		<bndbox>
			<xmin>69</xmin>
			<ymin>30</ymin>
			<xmax>158</xmax>
			<ymax>75</ymax>
		</bndbox>
	</object>
	<object>
		<name>auto</name>
		<pose>Unspecified</pose>
		<truncated>0</truncated>
		<difficult>0</difficult>
		<bndbox>
			<xmin>15</xmin>
			<ymin>28</ymin>
			<xmax>97</xmax>
			<ymax>70</ymax>
		</bndbox>
	</object>
</annotation>
