<annotation>
	<folder>train</folder>
	<filename>OPEL-Astra-3-Doors--GTC--OPC-2903_11.jpg</filename>
	<path>C:\tensorflow1\models\research\object_detection\images\train\OPEL-Astra-3-Doors--GTC--OPC-2903_11.jpg</path>
	<source>
		<database>Unknown</database>
	</source>
	<size>
		<width>400</width>
		<height>300</height>
		<depth>3</depth>
	</size>
	<segmented>0</segmented>
	<object>
		<name>auto</name>
		<pose>Unspecified</pose>
		<truncated>0</truncated>
		<difficult>0</difficult>
		<bndbox>
			<xmin>14</xmin>
			<ymin>128</ymin>
			<xmax>387</xmax>
			<ymax>275</ymax>
		</bndbox>
	</object>
</annotation>
