<annotation>
	<folder>train</folder>
	<filename>PFW-Model-Street-Style-Day-Eight.jpg</filename>
	<path>C:\tensorflow1\models\research\object_detection\images\train\PFW-Model-Street-Style-Day-Eight.jpg</path>
	<source>
		<database>Unknown</database>
	</source>
	<size>
		<width>198</width>
		<height>296</height>
		<depth>3</depth>
	</size>
	<segmented>0</segmented>
	<object>
		<name>persona</name>
		<pose>Unspecified</pose>
		<truncated>1</truncated>
		<difficult>0</difficult>
		<bndbox>
			<xmin>40</xmin>
			<ymin>4</ymin>
			<xmax>144</xmax>
			<ymax>296</ymax>
		</bndbox>
	</object>
</annotation>
