<annotation>
	<folder>train</folder>
	<filename>photo-1544519578-75b7a4a40450.jpg</filename>
	<path>C:\tensorflow1\models\research\object_detection\images\train\photo-1544519578-75b7a4a40450.jpg</path>
	<source>
		<database>Unknown</database>
	</source>
	<size>
		<width>250</width>
		<height>375</height>
		<depth>3</depth>
	</size>
	<segmented>0</segmented>
	<object>
		<name>persona</name>
		<pose>Unspecified</pose>
		<truncated>0</truncated>
		<difficult>0</difficult>
		<bndbox>
			<xmin>59</xmin>
			<ymin>134</ymin>
			<xmax>153</xmax>
			<ymax>349</ymax>
		</bndbox>
	</object>
	<object>
		<name>persona</name>
		<pose>Unspecified</pose>
		<truncated>1</truncated>
		<difficult>0</difficult>
		<bndbox>
			<xmin>214</xmin>
			<ymin>210</ymin>
			<xmax>250</xmax>
			<ymax>299</ymax>
		</bndbox>
	</object>
</annotation>
