<annotation>
	<folder>train</folder>
	<filename>Plano-Families-First-Fall-Fair-Plano-Magazine-kid.jpg</filename>
	<path>C:\tensorflow1\models\research\object_detection\images\train\Plano-Families-First-Fall-Fair-Plano-Magazine-kid.jpg</path>
	<source>
		<database>Unknown</database>
	</source>
	<size>
		<width>375</width>
		<height>250</height>
		<depth>3</depth>
	</size>
	<segmented>0</segmented>
	<object>
		<name>persona</name>
		<pose>Unspecified</pose>
		<truncated>0</truncated>
		<difficult>0</difficult>
		<bndbox>
			<xmin>8</xmin>
			<ymin>6</ymin>
			<xmax>128</xmax>
			<ymax>202</ymax>
		</bndbox>
	</object>
	<object>
		<name>persona</name>
		<pose>Unspecified</pose>
		<truncated>0</truncated>
		<difficult>0</difficult>
		<bndbox>
			<xmin>168</xmin>
			<ymin>28</ymin>
			<xmax>344</xmax>
			<ymax>237</ymax>
		</bndbox>
	</object>
	<object>
		<name>persona</name>
		<pose>Unspecified</pose>
		<truncated>0</truncated>
		<difficult>0</difficult>
		<bndbox>
			<xmin>110</xmin>
			<ymin>56</ymin>
			<xmax>171</xmax>
			<ymax>198</ymax>
		</bndbox>
	</object>
	<object>
		<name>persona</name>
		<pose>Unspecified</pose>
		<truncated>0</truncated>
		<difficult>0</difficult>
		<bndbox>
			<xmin>307</xmin>
			<ymin>10</ymin>
			<xmax>372</xmax>
			<ymax>120</ymax>
		</bndbox>
	</object>
</annotation>
