<annotation>
	<folder>train</folder>
	<filename>PorHVcnATge-O9quIFRF9g.jpg</filename>
	<path>C:\tensorflow1\models\research\object_detection\images\train\PorHVcnATge-O9quIFRF9g.jpg</path>
	<source>
		<database>Unknown</database>
	</source>
	<size>
		<width>150</width>
		<height>84</height>
		<depth>3</depth>
	</size>
	<segmented>0</segmented>
	<object>
		<name>auto</name>
		<pose>Unspecified</pose>
		<truncated>1</truncated>
		<difficult>0</difficult>
		<bndbox>
			<xmin>70</xmin>
			<ymin>33</ymin>
			<xmax>147</xmax>
			<ymax>84</ymax>
		</bndbox>
	</object>
	<object>
		<name>persona</name>
		<pose>Unspecified</pose>
		<truncated>0</truncated>
		<difficult>0</difficult>
		<bndbox>
			<xmin>31</xmin>
			<ymin>26</ymin>
			<xmax>49</xmax>
			<ymax>81</ymax>
		</bndbox>
	</object>
	<object>
		<name>persona</name>
		<pose>Unspecified</pose>
		<truncated>0</truncated>
		<difficult>0</difficult>
		<bndbox>
			<xmin>59</xmin>
			<ymin>23</ymin>
			<xmax>80</xmax>
			<ymax>56</ymax>
		</bndbox>
	</object>
	<object>
		<name>persona</name>
		<pose>Unspecified</pose>
		<truncated>0</truncated>
		<difficult>0</difficult>
		<bndbox>
			<xmin>3</xmin>
			<ymin>29</ymin>
			<xmax>22</xmax>
			<ymax>72</ymax>
		</bndbox>
	</object>
</annotation>
