<annotation>
	<folder>train</folder>
	<filename>poses-para-salir-bien-en-las-fotos.jpg</filename>
	<path>C:\tensorflow1\models\research\object_detection\images\train\poses-para-salir-bien-en-las-fotos.jpg</path>
	<source>
		<database>Unknown</database>
	</source>
	<size>
		<width>116</width>
		<height>146</height>
		<depth>3</depth>
	</size>
	<segmented>0</segmented>
	<object>
		<name>persona</name>
		<pose>Unspecified</pose>
		<truncated>1</truncated>
		<difficult>0</difficult>
		<bndbox>
			<xmin>29</xmin>
			<ymin>26</ymin>
			<xmax>86</xmax>
			<ymax>146</ymax>
		</bndbox>
	</object>
</annotation>
