<annotation>
	<folder>train</folder>
	<filename>primera-grande.jpg</filename>
	<path>C:\tensorflow1\models\research\object_detection\images\train\primera-grande.jpg</path>
	<source>
		<database>Unknown</database>
	</source>
	<size>
		<width>612</width>
		<height>816</height>
		<depth>3</depth>
	</size>
	<segmented>0</segmented>
	<object>
		<name>persona</name>
		<pose>Unspecified</pose>
		<truncated>0</truncated>
		<difficult>0</difficult>
		<bndbox>
			<xmin>206</xmin>
			<ymin>28</ymin>
			<xmax>438</xmax>
			<ymax>799</ymax>
		</bndbox>
	</object>
	<object>
		<name>auto</name>
		<pose>Unspecified</pose>
		<truncated>0</truncated>
		<difficult>0</difficult>
		<bndbox>
			<xmin>474</xmin>
			<ymin>230</ymin>
			<xmax>606</xmax>
			<ymax>330</ymax>
		</bndbox>
	</object>
	<object>
		<name>auto</name>
		<pose>Unspecified</pose>
		<truncated>0</truncated>
		<difficult>0</difficult>
		<bndbox>
			<xmin>428</xmin>
			<ymin>238</ymin>
			<xmax>505</xmax>
			<ymax>316</ymax>
		</bndbox>
	</object>
</annotation>
