<annotation>
	<folder>train</folder>
	<filename>prueba-nuevo-ford-focus-2018_hd_104607.jpg</filename>
	<path>C:\tensorflow1\models\research\object_detection\images\train\prueba-nuevo-ford-focus-2018_hd_104607.jpg</path>
	<source>
		<database>Unknown</database>
	</source>
	<size>
		<width>300</width>
		<height>200</height>
		<depth>3</depth>
	</size>
	<segmented>0</segmented>
	<object>
		<name>auto</name>
		<pose>Unspecified</pose>
		<truncated>0</truncated>
		<difficult>0</difficult>
		<bndbox>
			<xmin>18</xmin>
			<ymin>90</ymin>
			<xmax>158</xmax>
			<ymax>162</ymax>
		</bndbox>
	</object>
	<object>
		<name>auto</name>
		<pose>Unspecified</pose>
		<truncated>0</truncated>
		<difficult>0</difficult>
		<bndbox>
			<xmin>156</xmin>
			<ymin>91</ymin>
			<xmax>287</xmax>
			<ymax>150</ymax>
		</bndbox>
	</object>
</annotation>
