<annotation>
	<folder>train</folder>
	<filename>prueba-de-manejo-ford-focus-exe-ghia-20.jpg</filename>
	<path>C:\tensorflow1\models\research\object_detection\images\train\prueba-de-manejo-ford-focus-exe-ghia-20.jpg</path>
	<source>
		<database>Unknown</database>
	</source>
	<size>
		<width>108</width>
		<height>81</height>
		<depth>3</depth>
	</size>
	<segmented>0</segmented>
	<object>
		<name>auto</name>
		<pose>Unspecified</pose>
		<truncated>1</truncated>
		<difficult>0</difficult>
		<bndbox>
			<xmin>6</xmin>
			<ymin>34</ymin>
			<xmax>105</xmax>
			<ymax>81</ymax>
		</bndbox>
	</object>
</annotation>
