<annotation>
	<folder>train</folder>
	<filename>Quarter-Marathon-350x350.jpg</filename>
	<path>C:\tensorflow1\models\research\object_detection\images\train\Quarter-Marathon-350x350.jpg</path>
	<source>
		<database>Unknown</database>
	</source>
	<size>
		<width>88</width>
		<height>88</height>
		<depth>3</depth>
	</size>
	<segmented>0</segmented>
	<object>
		<name>persona</name>
		<pose>Unspecified</pose>
		<truncated>0</truncated>
		<difficult>0</difficult>
		<bndbox>
			<xmin>34</xmin>
			<ymin>26</ymin>
			<xmax>55</xmax>
			<ymax>78</ymax>
		</bndbox>
	</object>
</annotation>
