<annotation>
	<folder>train</folder>
	<filename>rBNaFl8GuH6ATkYEAAIPVTBSgjc297.jpg</filename>
	<path>C:\tensorflow1\models\research\object_detection\images\train\rBNaFl8GuH6ATkYEAAIPVTBSgjc297.jpg</path>
	<source>
		<database>Unknown</database>
	</source>
	<size>
		<width>120</width>
		<height>150</height>
		<depth>3</depth>
	</size>
	<segmented>0</segmented>
	<object>
		<name>persona</name>
		<pose>Unspecified</pose>
		<truncated>0</truncated>
		<difficult>0</difficult>
		<bndbox>
			<xmin>38</xmin>
			<ymin>12</ymin>
			<xmax>88</xmax>
			<ymax>144</ymax>
		</bndbox>
	</object>
</annotation>
