<annotation>
	<folder>train</folder>
	<filename>resized-15313-2016-ford-focus-rs-vs-2009-focus-rs-5.jpg</filename>
	<path>C:\tensorflow1\models\research\object_detection\images\train\resized-15313-2016-ford-focus-rs-vs-2009-focus-rs-5.jpg</path>
	<source>
		<database>Unknown</database>
	</source>
	<size>
		<width>100</width>
		<height>75</height>
		<depth>3</depth>
	</size>
	<segmented>0</segmented>
	<object>
		<name>auto</name>
		<pose>Unspecified</pose>
		<truncated>1</truncated>
		<difficult>0</difficult>
		<bndbox>
			<xmin>1</xmin>
			<ymin>44</ymin>
			<xmax>39</xmax>
			<ymax>70</ymax>
		</bndbox>
	</object>
	<object>
		<name>auto</name>
		<pose>Unspecified</pose>
		<truncated>1</truncated>
		<difficult>0</difficult>
		<bndbox>
			<xmin>57</xmin>
			<ymin>48</ymin>
			<xmax>100</xmax>
			<ymax>70</ymax>
		</bndbox>
	</object>
	<object>
		<name>auto</name>
		<pose>Unspecified</pose>
		<truncated>0</truncated>
		<difficult>0</difficult>
		<bndbox>
			<xmin>5</xmin>
			<ymin>15</ymin>
			<xmax>50</xmax>
			<ymax>38</ymax>
		</bndbox>
	</object>
	<object>
		<name>auto</name>
		<pose>Unspecified</pose>
		<truncated>1</truncated>
		<difficult>0</difficult>
		<bndbox>
			<xmin>55</xmin>
			<ymin>3</ymin>
			<xmax>100</xmax>
			<ymax>28</ymax>
		</bndbox>
	</object>
</annotation>
