<annotation>
	<folder>train</folder>
	<filename>rgdfw.jpg</filename>
	<path>C:\tensorflow1\models\research\object_detection\images\train\rgdfw.jpg</path>
	<source>
		<database>Unknown</database>
	</source>
	<size>
		<width>155</width>
		<height>132</height>
		<depth>3</depth>
	</size>
	<segmented>0</segmented>
	<object>
		<name>auto</name>
		<pose>Unspecified</pose>
		<truncated>1</truncated>
		<difficult>0</difficult>
		<bndbox>
			<xmin>1</xmin>
			<ymin>70</ymin>
			<xmax>155</xmax>
			<ymax>130</ymax>
		</bndbox>
	</object>
	<object>
		<name>auto</name>
		<pose>Unspecified</pose>
		<truncated>1</truncated>
		<difficult>0</difficult>
		<bndbox>
			<xmin>1</xmin>
			<ymin>1</ymin>
			<xmax>155</xmax>
			<ymax>63</ymax>
		</bndbox>
	</object>
</annotation>
