<annotation>
	<folder>train</folder>
	<filename>rhharh.jpg</filename>
	<path>C:\tensorflow1\models\research\object_detection\images\train\rhharh.jpg</path>
	<source>
		<database>Unknown</database>
	</source>
	<size>
		<width>196</width>
		<height>122</height>
		<depth>3</depth>
	</size>
	<segmented>0</segmented>
	<object>
		<name>persona</name>
		<pose>Unspecified</pose>
		<truncated>0</truncated>
		<difficult>0</difficult>
		<bndbox>
			<xmin>79</xmin>
			<ymin>34</ymin>
			<xmax>109</xmax>
			<ymax>112</ymax>
		</bndbox>
	</object>
	<object>
		<name>auto</name>
		<pose>Unspecified</pose>
		<truncated>0</truncated>
		<difficult>0</difficult>
		<bndbox>
			<xmin>101</xmin>
			<ymin>42</ymin>
			<xmax>173</xmax>
			<ymax>110</ymax>
		</bndbox>
	</object>
	<object>
		<name>auto</name>
		<pose>Unspecified</pose>
		<truncated>1</truncated>
		<difficult>0</difficult>
		<bndbox>
			<xmin>1</xmin>
			<ymin>37</ymin>
			<xmax>29</xmax>
			<ymax>77</ymax>
		</bndbox>
	</object>
</annotation>
