<annotation>
	<folder>train</folder>
	<filename>rjftjjtjfj.jpg</filename>
	<path>C:\tensorflow1\models\research\object_detection\images\train\rjftjjtjfj.jpg</path>
	<source>
		<database>Unknown</database>
	</source>
	<size>
		<width>135</width>
		<height>76</height>
		<depth>3</depth>
	</size>
	<segmented>0</segmented>
	<object>
		<name>auto</name>
		<pose>Unspecified</pose>
		<truncated>0</truncated>
		<difficult>0</difficult>
		<bndbox>
			<xmin>50</xmin>
			<ymin>21</ymin>
			<xmax>103</xmax>
			<ymax>57</ymax>
		</bndbox>
	</object>
	<object>
		<name>auto</name>
		<pose>Unspecified</pose>
		<truncated>1</truncated>
		<difficult>0</difficult>
		<bndbox>
			<xmin>85</xmin>
			<ymin>21</ymin>
			<xmax>135</xmax>
			<ymax>59</ymax>
		</bndbox>
	</object>
	<object>
		<name>auto</name>
		<pose>Unspecified</pose>
		<truncated>0</truncated>
		<difficult>0</difficult>
		<bndbox>
			<xmin>25</xmin>
			<ymin>26</ymin>
			<xmax>64</xmax>
			<ymax>55</ymax>
		</bndbox>
	</object>
	<object>
		<name>auto</name>
		<pose>Unspecified</pose>
		<truncated>1</truncated>
		<difficult>0</difficult>
		<bndbox>
			<xmin>1</xmin>
			<ymin>26</ymin>
			<xmax>38</xmax>
			<ymax>53</ymax>
		</bndbox>
	</object>
</annotation>
