<annotation>
	<folder>train</folder>
	<filename>rtjgjfgjf.jpg</filename>
	<path>C:\tensorflow1\models\research\object_detection\images\train\rtjgjfgjf.jpg</path>
	<source>
		<database>Unknown</database>
	</source>
	<size>
		<width>300</width>
		<height>168</height>
		<depth>3</depth>
	</size>
	<segmented>0</segmented>
	<object>
		<name>persona</name>
		<pose>Unspecified</pose>
		<truncated>1</truncated>
		<difficult>0</difficult>
		<bndbox>
			<xmin>24</xmin>
			<ymin>54</ymin>
			<xmax>81</xmax>
			<ymax>168</ymax>
		</bndbox>
	</object>
	<object>
		<name>persona</name>
		<pose>Unspecified</pose>
		<truncated>1</truncated>
		<difficult>0</difficult>
		<bndbox>
			<xmin>102</xmin>
			<ymin>73</ymin>
			<xmax>163</xmax>
			<ymax>168</ymax>
		</bndbox>
	</object>
	<object>
		<name>persona</name>
		<pose>Unspecified</pose>
		<truncated>1</truncated>
		<difficult>0</difficult>
		<bndbox>
			<xmin>145</xmin>
			<ymin>30</ymin>
			<xmax>203</xmax>
			<ymax>168</ymax>
		</bndbox>
	</object>
	<object>
		<name>persona</name>
		<pose>Unspecified</pose>
		<truncated>1</truncated>
		<difficult>0</difficult>
		<bndbox>
			<xmin>194</xmin>
			<ymin>71</ymin>
			<xmax>242</xmax>
			<ymax>168</ymax>
		</bndbox>
	</object>
	<object>
		<name>persona</name>
		<pose>Unspecified</pose>
		<truncated>1</truncated>
		<difficult>0</difficult>
		<bndbox>
			<xmin>14</xmin>
			<ymin>39</ymin>
			<xmax>54</xmax>
			<ymax>168</ymax>
		</bndbox>
	</object>
	<object>
		<name>persona</name>
		<pose>Unspecified</pose>
		<truncated>1</truncated>
		<difficult>0</difficult>
		<bndbox>
			<xmin>214</xmin>
			<ymin>34</ymin>
			<xmax>249</xmax>
			<ymax>168</ymax>
		</bndbox>
	</object>
	<object>
		<name>persona</name>
		<pose>Unspecified</pose>
		<truncated>0</truncated>
		<difficult>0</difficult>
		<bndbox>
			<xmin>231</xmin>
			<ymin>22</ymin>
			<xmax>278</xmax>
			<ymax>154</ymax>
		</bndbox>
	</object>
</annotation>
