<annotation>
	<folder>train</folder>
	<filename>s-l400.jpg</filename>
	<path>C:\tensorflow1\models\research\object_detection\images\train\s-l400.jpg</path>
	<source>
		<database>Unknown</database>
	</source>
	<size>
		<width>100</width>
		<height>56</height>
		<depth>3</depth>
	</size>
	<segmented>0</segmented>
	<object>
		<name>auto</name>
		<pose>Unspecified</pose>
		<truncated>0</truncated>
		<difficult>0</difficult>
		<bndbox>
			<xmin>5</xmin>
			<ymin>11</ymin>
			<xmax>95</xmax>
			<ymax>50</ymax>
		</bndbox>
	</object>
</annotation>
