<annotation>
	<folder>train</folder>
	<filename>sdegsegsge.jpg</filename>
	<path>C:\tensorflow1\models\research\object_detection\images\train\sdegsegsge.jpg</path>
	<source>
		<database>Unknown</database>
	</source>
	<size>
		<width>105</width>
		<height>79</height>
		<depth>3</depth>
	</size>
	<segmented>0</segmented>
	<object>
		<name>auto</name>
		<pose>Unspecified</pose>
		<truncated>0</truncated>
		<difficult>0</difficult>
		<bndbox>
			<xmin>3</xmin>
			<ymin>8</ymin>
			<xmax>103</xmax>
			<ymax>74</ymax>
		</bndbox>
	</object>
</annotation>
