<annotation>
	<folder>train</folder>
	<filename>sdgdfhrt.jpg</filename>
	<path>C:\tensorflow1\models\research\object_detection\images\train\sdgdfhrt.jpg</path>
	<source>
		<database>Unknown</database>
	</source>
	<size>
		<width>245</width>
		<height>138</height>
		<depth>3</depth>
	</size>
	<segmented>0</segmented>
	<object>
		<name>persona</name>
		<pose>Unspecified</pose>
		<truncated>1</truncated>
		<difficult>0</difficult>
		<bndbox>
			<xmin>126</xmin>
			<ymin>1</ymin>
			<xmax>220</xmax>
			<ymax>138</ymax>
		</bndbox>
	</object>
	<object>
		<name>auto</name>
		<pose>Unspecified</pose>
		<truncated>0</truncated>
		<difficult>0</difficult>
		<bndbox>
			<xmin>23</xmin>
			<ymin>29</ymin>
			<xmax>179</xmax>
			<ymax>124</ymax>
		</bndbox>
	</object>
</annotation>
