<annotation>
	<folder>train</folder>
	<filename>sdhdfhjfgh.jpg</filename>
	<path>C:\tensorflow1\models\research\object_detection\images\train\sdhdfhjfgh.jpg</path>
	<source>
		<database>Unknown</database>
	</source>
	<size>
		<width>90</width>
		<height>68</height>
		<depth>3</depth>
	</size>
	<segmented>0</segmented>
	<object>
		<name>auto</name>
		<pose>Unspecified</pose>
		<truncated>1</truncated>
		<difficult>0</difficult>
		<bndbox>
			<xmin>6</xmin>
			<ymin>1</ymin>
			<xmax>90</xmax>
			<ymax>58</ymax>
		</bndbox>
	</object>
</annotation>
