<annotation>
	<folder>train</folder>
	<filename>sdrehrh.jpg</filename>
	<path>C:\tensorflow1\models\research\object_detection\images\train\sdrehrh.jpg</path>
	<source>
		<database>Unknown</database>
	</source>
	<size>
		<width>217</width>
		<height>348</height>
		<depth>3</depth>
	</size>
	<segmented>0</segmented>
	<object>
		<name>persona</name>
		<pose>Unspecified</pose>
		<truncated>1</truncated>
		<difficult>0</difficult>
		<bndbox>
			<xmin>38</xmin>
			<ymin>1</ymin>
			<xmax>138</xmax>
			<ymax>311</ymax>
		</bndbox>
	</object>
</annotation>
