<annotation>
	<folder>train</folder>
	<filename>segsefseq.jpg</filename>
	<path>C:\tensorflow1\models\research\object_detection\images\train\segsefseq.jpg</path>
	<source>
		<database>Unknown</database>
	</source>
	<size>
		<width>216</width>
		<height>348</height>
		<depth>3</depth>
	</size>
	<segmented>0</segmented>
	<object>
		<name>persona</name>
		<pose>Unspecified</pose>
		<truncated>0</truncated>
		<difficult>0</difficult>
		<bndbox>
			<xmin>81</xmin>
			<ymin>31</ymin>
			<xmax>179</xmax>
			<ymax>287</ymax>
		</bndbox>
	</object>
</annotation>
