<annotation>
	<folder>train</folder>
	<filename>segsdhrjh.jpg</filename>
	<path>C:\tensorflow1\models\research\object_detection\images\train\segsdhrjh.jpg</path>
	<source>
		<database>Unknown</database>
	</source>
	<size>
		<width>90</width>
		<height>68</height>
		<depth>3</depth>
	</size>
	<segmented>0</segmented>
	<object>
		<name>auto</name>
		<pose>Unspecified</pose>
		<truncated>1</truncated>
		<difficult>0</difficult>
		<bndbox>
			<xmin>1</xmin>
			<ymin>1</ymin>
			<xmax>89</xmax>
			<ymax>65</ymax>
		</bndbox>
	</object>
</annotation>
