<annotation>
	<folder>train</folder>
	<filename>sfgdfh.jpg</filename>
	<path>C:\tensorflow1\models\research\object_detection\images\train\sfgdfh.jpg</path>
	<source>
		<database>Unknown</database>
	</source>
	<size>
		<width>95</width>
		<height>54</height>
		<depth>3</depth>
	</size>
	<segmented>0</segmented>
	<object>
		<name>auto</name>
		<pose>Unspecified</pose>
		<truncated>1</truncated>
		<difficult>0</difficult>
		<bndbox>
			<xmin>1</xmin>
			<ymin>5</ymin>
			<xmax>43</xmax>
			<ymax>29</ymax>
		</bndbox>
	</object>
	<object>
		<name>auto</name>
		<pose>Unspecified</pose>
		<truncated>0</truncated>
		<difficult>0</difficult>
		<bndbox>
			<xmin>49</xmin>
			<ymin>4</ymin>
			<xmax>92</xmax>
			<ymax>27</ymax>
		</bndbox>
	</object>
</annotation>
