<annotation>
	<folder>train</folder>
	<filename>slider3.jpg</filename>
	<path>C:\tensorflow1\models\research\object_detection\images\train\slider3.jpg</path>
	<source>
		<database>Unknown</database>
	</source>
	<size>
		<width>360</width>
		<height>112</height>
		<depth>3</depth>
	</size>
	<segmented>0</segmented>
	<object>
		<name>persona</name>
		<pose>Unspecified</pose>
		<truncated>1</truncated>
		<difficult>0</difficult>
		<bndbox>
			<xmin>207</xmin>
			<ymin>3</ymin>
			<xmax>270</xmax>
			<ymax>112</ymax>
		</bndbox>
	</object>
	<object>
		<name>auto</name>
		<pose>Unspecified</pose>
		<truncated>0</truncated>
		<difficult>0</difficult>
		<bndbox>
			<xmin>76</xmin>
			<ymin>28</ymin>
			<xmax>220</xmax>
			<ymax>104</ymax>
		</bndbox>
	</object>
</annotation>
