<annotation>
	<folder>train</folder>
	<filename>taxi-precio-barato-k4uB--620x349@abc.jpg</filename>
	<path>C:\tensorflow1\models\research\object_detection\images\train\taxi-precio-barato-k4uB--620x349@abc.jpg</path>
	<source>
		<database>Unknown</database>
	</source>
	<size>
		<width>154</width>
		<height>87</height>
		<depth>3</depth>
	</size>
	<segmented>0</segmented>
	<object>
		<name>auto</name>
		<pose>Unspecified</pose>
		<truncated>1</truncated>
		<difficult>0</difficult>
		<bndbox>
			<xmin>19</xmin>
			<ymin>19</ymin>
			<xmax>104</xmax>
			<ymax>87</ymax>
		</bndbox>
	</object>
	<object>
		<name>persona</name>
		<pose>Unspecified</pose>
		<truncated>0</truncated>
		<difficult>0</difficult>
		<bndbox>
			<xmin>125</xmin>
			<ymin>11</ymin>
			<xmax>145</xmax>
			<ymax>71</ymax>
		</bndbox>
	</object>
</annotation>
