<annotation>
	<folder>train</folder>
	<filename>taxis-aparcados-en-la-calle-fruela.jpg</filename>
	<path>C:\tensorflow1\models\research\object_detection\images\train\taxis-aparcados-en-la-calle-fruela.jpg</path>
	<source>
		<database>Unknown</database>
	</source>
	<size>
		<width>300</width>
		<height>169</height>
		<depth>3</depth>
	</size>
	<segmented>0</segmented>
	<object>
		<name>auto</name>
		<pose>Unspecified</pose>
		<truncated>1</truncated>
		<difficult>0</difficult>
		<bndbox>
			<xmin>120</xmin>
			<ymin>71</ymin>
			<xmax>294</xmax>
			<ymax>169</ymax>
		</bndbox>
	</object>
	<object>
		<name>auto</name>
		<pose>Unspecified</pose>
		<truncated>0</truncated>
		<difficult>0</difficult>
		<bndbox>
			<xmin>27</xmin>
			<ymin>77</ymin>
			<xmax>133</xmax>
			<ymax>145</ymax>
		</bndbox>
	</object>
	<object>
		<name>auto</name>
		<pose>Unspecified</pose>
		<truncated>1</truncated>
		<difficult>0</difficult>
		<bndbox>
			<xmin>1</xmin>
			<ymin>75</ymin>
			<xmax>40</xmax>
			<ymax>126</ymax>
		</bndbox>
	</object>
</annotation>
