<annotation>
	<folder>train</folder>
	<filename>Taxi-Syria.jpg</filename>
	<path>C:\tensorflow1\models\research\object_detection\images\train\Taxi-Syria.jpg</path>
	<source>
		<database>Unknown</database>
	</source>
	<size>
		<width>200</width>
		<height>120</height>
		<depth>3</depth>
	</size>
	<segmented>0</segmented>
	<object>
		<name>persona</name>
		<pose>Unspecified</pose>
		<truncated>0</truncated>
		<difficult>0</difficult>
		<bndbox>
			<xmin>47</xmin>
			<ymin>32</ymin>
			<xmax>89</xmax>
			<ymax>119</ymax>
		</bndbox>
	</object>
	<object>
		<name>auto</name>
		<pose>Unspecified</pose>
		<truncated>1</truncated>
		<difficult>0</difficult>
		<bndbox>
			<xmin>40</xmin>
			<ymin>54</ymin>
			<xmax>191</xmax>
			<ymax>120</ymax>
		</bndbox>
	</object>
</annotation>
