<annotation>
	<folder>train</folder>
	<filename>taxi_cadiz.jpg</filename>
	<path>C:\tensorflow1\models\research\object_detection\images\train\taxi_cadiz.jpg</path>
	<source>
		<database>Unknown</database>
	</source>
	<size>
		<width>150</width>
		<height>100</height>
		<depth>3</depth>
	</size>
	<segmented>0</segmented>
	<object>
		<name>auto</name>
		<pose>Unspecified</pose>
		<truncated>0</truncated>
		<difficult>0</difficult>
		<bndbox>
			<xmin>13</xmin>
			<ymin>35</ymin>
			<xmax>137</xmax>
			<ymax>83</ymax>
		</bndbox>
	</object>
</annotation>
