<annotation>
	<folder>train</folder>
	<filename>tumblr_p71zznaEaF1u67zoso1_1280.jpg</filename>
	<path>C:\tensorflow1\models\research\object_detection\images\train\tumblr_p71zznaEaF1u67zoso1_1280.jpg</path>
	<source>
		<database>Unknown</database>
	</source>
	<size>
		<width>270</width>
		<height>338</height>
		<depth>3</depth>
	</size>
	<segmented>0</segmented>
	<object>
		<name>persona</name>
		<pose>Unspecified</pose>
		<truncated>1</truncated>
		<difficult>0</difficult>
		<bndbox>
			<xmin>73</xmin>
			<ymin>97</ymin>
			<xmax>159</xmax>
			<ymax>338</ymax>
		</bndbox>
	</object>
	<object>
		<name>persona</name>
		<pose>Unspecified</pose>
		<truncated>1</truncated>
		<difficult>0</difficult>
		<bndbox>
			<xmin>136</xmin>
			<ymin>124</ymin>
			<xmax>214</xmax>
			<ymax>338</ymax>
		</bndbox>
	</object>
</annotation>
