<annotation>
	<folder>train</folder>
	<filename>tumblr_pr47p2qLbI1v5ovwv_1280.jpg</filename>
	<path>C:\tensorflow1\models\research\object_detection\images\train\tumblr_pr47p2qLbI1v5ovwv_1280.jpg</path>
	<source>
		<database>Unknown</database>
	</source>
	<size>
		<width>180</width>
		<height>180</height>
		<depth>3</depth>
	</size>
	<segmented>0</segmented>
	<object>
		<name>persona</name>
		<pose>Unspecified</pose>
		<truncated>1</truncated>
		<difficult>0</difficult>
		<bndbox>
			<xmin>19</xmin>
			<ymin>22</ymin>
			<xmax>130</xmax>
			<ymax>180</ymax>
		</bndbox>
	</object>
</annotation>
