<annotation>
	<folder>train</folder>
	<filename>used-car-specials-cta.jpg</filename>
	<path>C:\tensorflow1\models\research\object_detection\images\train\used-car-specials-cta.jpg</path>
	<source>
		<database>Unknown</database>
	</source>
	<size>
		<width>105</width>
		<height>56</height>
		<depth>3</depth>
	</size>
	<segmented>0</segmented>
	<object>
		<name>persona</name>
		<pose>Unspecified</pose>
		<truncated>1</truncated>
		<difficult>0</difficult>
		<bndbox>
			<xmin>89</xmin>
			<ymin>1</ymin>
			<xmax>105</xmax>
			<ymax>33</ymax>
		</bndbox>
	</object>
	<object>
		<name>auto</name>
		<pose>Unspecified</pose>
		<truncated>0</truncated>
		<difficult>0</difficult>
		<bndbox>
			<xmin>31</xmin>
			<ymin>7</ymin>
			<xmax>92</xmax>
			<ymax>41</ymax>
		</bndbox>
	</object>
</annotation>
