<annotation>
	<folder>train</folder>
	<filename>wefsegseghrh.jpg</filename>
	<path>C:\tensorflow1\models\research\object_detection\images\train\wefsegseghrh.jpg</path>
	<source>
		<database>Unknown</database>
	</source>
	<size>
		<width>216</width>
		<height>348</height>
		<depth>3</depth>
	</size>
	<segmented>0</segmented>
	<object>
		<name>persona</name>
		<pose>Unspecified</pose>
		<truncated>0</truncated>
		<difficult>0</difficult>
		<bndbox>
			<xmin>25</xmin>
			<ymin>17</ymin>
			<xmax>139</xmax>
			<ymax>317</ymax>
		</bndbox>
	</object>
</annotation>
