<annotation>
	<folder>train</folder>
	<filename>WF0SXXGCDS8C56211_14_1000x746_resize_.jpg</filename>
	<path>C:\tensorflow1\models\research\object_detection\images\train\WF0SXXGCDS8C56211_14_1000x746_resize_.jpg</path>
	<source>
		<database>Unknown</database>
	</source>
	<size>
		<width>250</width>
		<height>186</height>
		<depth>3</depth>
	</size>
	<segmented>0</segmented>
	<object>
		<name>auto</name>
		<pose>Unspecified</pose>
		<truncated>0</truncated>
		<difficult>0</difficult>
		<bndbox>
			<xmin>31</xmin>
			<ymin>32</ymin>
			<xmax>220</xmax>
			<ymax>151</ymax>
		</bndbox>
	</object>
</annotation>
