<annotation>
	<folder>train</folder>
	<filename>wp-1499357110225..jpg</filename>
	<path>C:\tensorflow1\models\research\object_detection\images\train\wp-1499357110225..jpg</path>
	<source>
		<database>Unknown</database>
	</source>
	<size>
		<width>100</width>
		<height>67</height>
		<depth>3</depth>
	</size>
	<segmented>0</segmented>
	<object>
		<name>auto</name>
		<pose>Unspecified</pose>
		<truncated>0</truncated>
		<difficult>0</difficult>
		<bndbox>
			<xmin>17</xmin>
			<ymin>16</ymin>
			<xmax>94</xmax>
			<ymax>59</ymax>
		</bndbox>
	</object>
</annotation>
