<annotation>
	<folder>train</folder>
	<filename>xCAAAgG3PuA-960.jpg</filename>
	<path>C:\tensorflow1\models\research\object_detection\images\train\xCAAAgG3PuA-960.jpg</path>
	<source>
		<database>Unknown</database>
	</source>
	<size>
		<width>240</width>
		<height>135</height>
		<depth>3</depth>
	</size>
	<segmented>0</segmented>
	<object>
		<name>persona</name>
		<pose>Unspecified</pose>
		<truncated>1</truncated>
		<difficult>0</difficult>
		<bndbox>
			<xmin>115</xmin>
			<ymin>34</ymin>
			<xmax>180</xmax>
			<ymax>135</ymax>
		</bndbox>
	</object>
	<object>
		<name>persona</name>
		<pose>Unspecified</pose>
		<truncated>0</truncated>
		<difficult>0</difficult>
		<bndbox>
			<xmin>31</xmin>
			<ymin>33</ymin>
			<xmax>50</xmax>
			<ymax>78</ymax>
		</bndbox>
	</object>
	<object>
		<name>persona</name>
		<pose>Unspecified</pose>
		<truncated>0</truncated>
		<difficult>0</difficult>
		<bndbox>
			<xmin>56</xmin>
			<ymin>34</ymin>
			<xmax>75</xmax>
			<ymax>60</ymax>
		</bndbox>
	</object>
	<object>
		<name>auto</name>
		<pose>Unspecified</pose>
		<truncated>0</truncated>
		<difficult>0</difficult>
		<bndbox>
			<xmin>53</xmin>
			<ymin>43</ymin>
			<xmax>203</xmax>
			<ymax>119</ymax>
		</bndbox>
	</object>
</annotation>
