<annotation>
	<folder>train</folder>
	<filename>ykuoyuoyuo.jpg</filename>
	<path>C:\tensorflow1\models\research\object_detection\images\train\ykuoyuoyuo.jpg</path>
	<source>
		<database>Unknown</database>
	</source>
	<size>
		<width>256</width>
		<height>171</height>
		<depth>3</depth>
	</size>
	<segmented>0</segmented>
	<object>
		<name>persona</name>
		<pose>Unspecified</pose>
		<truncated>1</truncated>
		<difficult>0</difficult>
		<bndbox>
			<xmin>66</xmin>
			<ymin>42</ymin>
			<xmax>141</xmax>
			<ymax>171</ymax>
		</bndbox>
	</object>
</annotation>
